event_id,event_base_id,date,release_time_utc,event_name,prefixed_name,currency,country,impact,actual,forecast,previous,surprise,actual_raw,forecast_raw,previous_raw,source,source_url
117369,66,2021-06-04,2021-06-04 12:30:00,Non-Farm Employment Change,US Non-Farm Employment Change,USD,US,high,559000.0,645000.0,266000.0,-86000.0,559K,645K,266K,forexfactory,https://www.forexfactory.com/calendar?day=jun4.2021#detail=117369
117370,66,2021-07-02,2021-07-02 12:30:00,Non-Farm Employment Change,US Non-Farm Employment Change,USD,US,high,850000.0,725000.0,559000.0,125000.0,850K,725K,559K,forexfactory,https://www.forexfactory.com/calendar?day=jul2.2021#detail=117370
117371,66,2021-08-06,2021-08-06 12:30:00,Non-Farm Employment Change,US Non-Farm Employment Change,USD,US,high,943000.0,870000.0,850000.0,73000.0,943K,870K,850K,forexfactory,https://www.forexfactory.com/calendar?day=aug6.2021#detail=117371
117372,66,2021-09-03,2021-09-03 12:30:00,Non-Farm Employment Change,US Non-Farm Employment Change,USD,US,high,235000.0,720000.0,943000.0,-485000.0,235K,720K,943K,forexfactory,https://www.forexfactory.com/calendar?day=sep3.2021#detail=117372
117373,66,2021-10-08,2021-10-08 12:30:00,Non-Farm Employment Change,US Non-Farm Employment Change,USD,US,high,194000.0,490000.0,235000.0,-296000.0,194K,490K,235K,forexfactory,https://www.forexfactory.com/calendar?day=oct8.2021#detail=117373
117374,66,2021-11-05,2021-11-05 12:30:00,Non-Farm Employment Change,US Non-Farm Employment Change,USD,US,high,531000.0,455000.0,194000.0,76000.0,531K,455K,194K,forexfactory,https://www.forexfactory.com/calendar?day=nov5.2021#detail=117374
117375,66,2021-12-03,2021-12-03 13:30:00,Non-Farm Employment Change,US Non-Farm Employment Change,USD,US,high,210000.0,553000.0,531000.0,-343000.0,210K,553K,531K,forexfactory,https://www.forexfactory.com/calendar?day=dec3.2021#detail=117375
122937,66,2022-01-07,2022-01-07 13:30:00,Non-Farm Employment Change,US Non-Farm Employment Change,USD,US,high,199000.0,426000.0,210000.0,-227000.0,199K,426K,210K,forexfactory,https://www.forexfactory.com/calendar?day=jan7.2022#detail=122937
122938,66,2022-02-04,2022-02-04 13:30:00,Non-Farm Employment Change,US Non-Farm Employment Change,USD,US,high,467000.0,110000.0,199000.0,357000.0,467K,110K,199K,forexfactory,https://www.forexfactory.com/calendar?day=feb4.2022#detail=122938
122939,66,2022-03-04,2022-03-04 13:30:00,Non-Farm Employment Change,US Non-Farm Employment Change,USD,US,high,678000.0,407000.0,467000.0,271000.0,678K,407K,467K,forexfactory,https://www.forexfactory.com/calendar?day=mar4.2022#detail=122939
122940,66,2022-04-01,2022-04-01 12:30:00,Non-Farm Employment Change,US Non-Farm Employment Change,USD,US,high,431000.0,492000.0,678000.0,-61000.0,431K,492K,678K,forexfactory,https://www.forexfactory.com/calendar?day=apr1.2022#detail=122940
122941,66,2022-05-06,2022-05-06 12:30:00,Non-Farm Employment Change,US Non-Farm Employment Change,USD,US,high,428000.0,390000.0,431000.0,38000.0,428K,390K,431K,forexfactory,https://www.forexfactory.com/calendar?day=may6.2022#detail=122941
122942,66,2022-06-03,2022-06-03 12:30:00,Non-Farm Employment Change,US Non-Farm Employment Change,USD,US,high,390000.0,325000.0,428000.0,65000.0,390K,325K,428K,forexfactory,https://www.forexfactory.com/calendar?day=jun3.2022#detail=122942
122943,66,2022-07-08,2022-07-08 12:30:00,Non-Farm Employment Change,US Non-Farm Employment Change,USD,US,high,372000.0,260000.0,390000.0,112000.0,372K,260K,390K,forexfactory,https://www.forexfactory.com/calendar?day=jul8.2022#detail=122943
122944,66,2022-08-05,2022-08-05 12:30:00,Non-Farm Employment Change,US Non-Farm Employment Change,USD,US,high,528000.0,250000.0,372000.0,278000.0,528K,250K,372K,forexfactory,https://www.forexfactory.com/calendar?day=aug5.2022#detail=122944
122945,66,2022-09-02,2022-09-02 12:30:00,Non-Farm Employment Change,US Non-Farm Employment Change,USD,US,high,315000.0,295000.0,528000.0,20000.0,315K,295K,528K,forexfactory,https://www.forexfactory.com/calendar?day=sep2.2022#detail=122945
122946,66,2022-10-07,2022-10-07 12:30:00,Non-Farm Employment Change,US Non-Farm Employment Change,USD,US,high,263000.0,248000.0,315000.0,15000.0,263K,248K,315K,forexfactory,https://www.forexfactory.com/calendar?day=oct7.2022#detail=122946
122947,66,2022-11-04,2022-11-04 12:30:00,Non-Farm Employment Change,US Non-Farm Employment Change,USD,US,high,261000.0,197000.0,263000.0,64000.0,261K,197K,263K,forexfactory,https://www.forexfactory.com/calendar?day=nov4.2022#detail=122947
122948,66,2022-12-02,2022-12-02 13:30:00,Non-Farm Employment Change,US Non-Farm Employment Change,USD,US,high,263000.0,200000.0,261000.0,63000.0,263K,200K,261K,forexfactory,https://www.forexfactory.com/calendar?day=dec2.2022#detail=122948
129724,66,2023-01-06,2023-01-06 13:30:00,Non-Farm Employment Change,US Non-Farm Employment Change,USD,US,high,223000.0,200000.0,263000.0,23000.0,223K,200K,263K,forexfactory,https://www.forexfactory.com/calendar?day=jan6.2023#detail=129724
129727,66,2023-02-03,2023-02-03 13:30:00,Non-Farm Employment Change,US Non-Farm Employment Change,USD,US,high,517000.0,193000.0,223000.0,324000.0,517K,193K,223K,forexfactory,https://www.forexfactory.com/calendar?day=feb3.2023#detail=129727
129728,66,2023-03-10,2023-03-10 13:30:00,Non-Farm Employment Change,US Non-Farm Employment Change,USD,US,high,311000.0,224000.0,517000.0,87000.0,311K,224K,517K,forexfactory,https://www.forexfactory.com/calendar?day=mar10.2023#detail=129728
129733,66,2023-04-07,2023-04-07 12:30:00,Non-Farm Employment Change,US Non-Farm Employment Change,USD,US,high,236000.0,228000.0,311000.0,8000.0,236K,228K,311K,forexfactory,https://www.forexfactory.com/calendar?day=apr7.2023#detail=129733
129734,66,2023-05-05,2023-05-05 12:30:00,Non-Farm Employment Change,US Non-Farm Employment Change,USD,US,high,253000.0,181000.0,236000.0,72000.0,253K,181K,236K,forexfactory,https://www.forexfactory.com/calendar?day=may5.2023#detail=129734
129739,66,2023-06-02,2023-06-02 12:30:00,Non-Farm Employment Change,US Non-Farm Employment Change,USD,US,high,339000.0,193000.0,253000.0,146000.0,339K,193K,253K,forexfactory,https://www.forexfactory.com/calendar?day=jun2.2023#detail=129739
129742,66,2023-07-07,2023-07-07 12:30:00,Non-Farm Employment Change,US Non-Farm Employment Change,USD,US,high,209000.0,224000.0,339000.0,-15000.0,209K,224K,339K,forexfactory,https://www.forexfactory.com/calendar?day=jul7.2023#detail=129742
129745,66,2023-08-04,2023-08-04 12:30:00,Non-Farm Employment Change,US Non-Farm Employment Change,USD,US,high,187000.0,205000.0,209000.0,-18000.0,187K,205K,209K,forexfactory,https://www.forexfactory.com/calendar?day=aug4.2023#detail=129745
129748,66,2023-09-01,2023-09-01 12:30:00,Non-Farm Employment Change,US Non-Farm Employment Change,USD,US,high,187000.0,169000.0,187000.0,18000.0,187K,169K,187K,forexfactory,https://www.forexfactory.com/calendar?day=sep1.2023#detail=129748
129751,66,2023-10-06,2023-10-06 12:30:00,Non-Farm Employment Change,US Non-Farm Employment Change,USD,US,high,336000.0,171000.0,187000.0,165000.0,336K,171K,187K,forexfactory,https://www.forexfactory.com/calendar?day=oct6.2023#detail=129751
129752,66,2023-11-03,2023-11-03 12:30:00,Non-Farm Employment Change,US Non-Farm Employment Change,USD,US,high,150000.0,178000.0,336000.0,-28000.0,150K,178K,336K,forexfactory,https://www.forexfactory.com/calendar?day=nov3.2023#detail=129752
129755,66,2023-12-08,2023-12-08 13:30:00,Non-Farm Employment Change,US Non-Farm Employment Change,USD,US,high,199000.0,184000.0,150000.0,15000.0,199K,184K,150K,forexfactory,https://www.forexfactory.com/calendar?day=dec8.2023#detail=129755
135974,66,2024-01-05,2024-01-05 13:30:00,Non-Farm Employment Change,US Non-Farm Employment Change,USD,US,high,216000.0,168000.0,199000.0,48000.0,216K,168K,199K,forexfactory,https://www.forexfactory.com/calendar?day=jan5.2024#detail=135974
135975,66,2024-02-02,2024-02-02 13:30:00,Non-Farm Employment Change,US Non-Farm Employment Change,USD,US,high,353000.0,187000.0,216000.0,166000.0,353K,187K,216K,forexfactory,https://www.forexfactory.com/calendar?day=feb2.2024#detail=135975
135978,66,2024-03-08,2024-03-08 13:30:00,Non-Farm Employment Change,US Non-Farm Employment Change,USD,US,high,275000.0,198000.0,353000.0,77000.0,275K,198K,353K,forexfactory,https://www.forexfactory.com/calendar?day=mar8.2024#detail=135978
135981,66,2024-04-05,2024-04-05 12:30:00,Non-Farm Employment Change,US Non-Farm Employment Change,USD,US,high,303000.0,212000.0,275000.0,91000.0,303K,212K,275K,forexfactory,https://www.forexfactory.com/calendar?day=apr5.2024#detail=135981
135984,66,2024-05-03,2024-05-03 12:30:00,Non-Farm Employment Change,US Non-Farm Employment Change,USD,US,high,175000.0,238000.0,303000.0,-63000.0,175K,238K,303K,forexfactory,https://www.forexfactory.com/calendar?day=may3.2024#detail=135984
135987,66,2024-06-07,2024-06-07 12:30:00,Non-Farm Employment Change,US Non-Farm Employment Change,USD,US,high,272000.0,182000.0,175000.0,90000.0,272K,182K,175K,forexfactory,https://www.forexfactory.com/calendar?day=jun7.2024#detail=135987
135992,66,2024-07-05,2024-07-05 12:30:00,Non-Farm Employment Change,US Non-Farm Employment Change,USD,US,high,206000.0,191000.0,272000.0,15000.0,206K,191K,272K,forexfactory,https://www.forexfactory.com/calendar?day=jul5.2024#detail=135992
135995,66,2024-08-02,2024-08-02 12:30:00,Non-Farm Employment Change,US Non-Farm Employment Change,USD,US,high,114000.0,176000.0,206000.0,-62000.0,114K,176K,206K,forexfactory,https://www.forexfactory.com/calendar?day=aug2.2024#detail=135995
135998,66,2024-09-06,2024-09-06 12:30:00,Non-Farm Employment Change,US Non-Farm Employment Change,USD,US,high,142000.0,164000.0,114000.0,-22000.0,142K,164K,114K,forexfactory,https://www.forexfactory.com/calendar?day=sep6.2024#detail=135998
136001,66,2024-10-04,2024-10-04 12:30:00,Non-Farm Employment Change,US Non-Farm Employment Change,USD,US,high,254000.0,147000.0,142000.0,107000.0,254K,147K,142K,forexfactory,https://www.forexfactory.com/calendar?day=oct4.2024#detail=136001
136002,66,2024-11-01,2024-11-01 12:30:00,Non-Farm Employment Change,US Non-Farm Employment Change,USD,US,high,12000.0,106000.0,254000.0,-94000.0,12K,106K,254K,forexfactory,https://www.forexfactory.com/calendar?day=nov1.2024#detail=136002
136007,66,2024-12-06,2024-12-06 13:30:00,Non-Farm Employment Change,US Non-Farm Employment Change,USD,US,high,227000.0,218000.0,12000.0,9000.0,227K,218K,12K,forexfactory,https://www.forexfactory.com/calendar?day=dec6.2024#detail=136007
142565,66,2025-01-10,2025-01-10 13:30:00,Non-Farm Employment Change,US Non-Farm Employment Change,USD,US,high,256000.0,164000.0,227000.0,92000.0,256K,164K,227K,forexfactory,https://www.forexfactory.com/calendar?day=jan10.2025#detail=142565
142566,66,2025-02-07,2025-02-07 13:30:00,Non-Farm Employment Change,US Non-Farm Employment Change,USD,US,high,143000.0,169000.0,256000.0,-26000.0,143K,169K,256K,forexfactory,https://www.forexfactory.com/calendar?day=feb7.2025#detail=142566
142567,66,2025-03-07,2025-03-07 13:30:00,Non-Farm Employment Change,US Non-Farm Employment Change,USD,US,high,151000.0,159000.0,143000.0,-8000.0,151K,159K,143K,forexfactory,https://www.forexfactory.com/calendar?day=mar7.2025#detail=142567
142568,66,2025-04-04,2025-04-04 12:30:00,Non-Farm Employment Change,US Non-Farm Employment Change,USD,US,high,228000.0,137000.0,151000.0,91000.0,228K,137K,151K,forexfactory,https://www.forexfactory.com/calendar?day=apr4.2025#detail=142568
142569,66,2025-05-02,2025-05-02 12:30:00,Non-Farm Employment Change,US Non-Farm Employment Change,USD,US,high,177000.0,138000.0,228000.0,39000.0,177K,138K,228K,forexfactory,https://www.forexfactory.com/calendar?day=may2.2025#detail=142569
142570,66,2025-06-06,2025-06-06 12:30:00,Non-Farm Employment Change,US Non-Farm Employment Change,USD,US,high,139000.0,126000.0,177000.0,13000.0,139K,126K,177K,forexfactory,https://www.forexfactory.com/calendar?day=jun6.2025#detail=142570
142571,66,2025-07-03,2025-07-03 12:30:00,Non-Farm Employment Change,US Non-Farm Employment Change,USD,US,high,147000.0,111000.0,139000.0,36000.0,147K,111K,139K,forexfactory,https://www.forexfactory.com/calendar?day=jul3.2025#detail=142571
142572,66,2025-08-01,2025-08-01 12:30:00,Non-Farm Employment Change,US Non-Farm Employment Change,USD,US,high,73000.0,106000.0,147000.0,-33000.0,73K,106K,147K,forexfactory,https://www.forexfactory.com/calendar?day=aug1.2025#detail=142572
142573,66,2025-09-05,2025-09-05 12:30:00,Non-Farm Employment Change,US Non-Farm Employment Change,USD,US,high,22000.0,75000.0,73000.0,-53000.0,22K,75K,73K,forexfactory,https://www.forexfactory.com/calendar?day=sep5.2025#detail=142573
150885,66,2025-11-20,2025-11-20 13:30:00,Non-Farm Employment Change,US Non-Farm Employment Change,USD,US,high,119000.0,53000.0,22000.0,66000.0,119K,53K,22K,forexfactory,https://www.forexfactory.com/calendar?day=nov20.2025#detail=150885
142576,66,2025-12-16,2025-12-16 13:30:00,Non-Farm Employment Change,US Non-Farm Employment Change,USD,US,high,64000.0,51000.0,-105000.0,13000.0,64K,51K,-105K,forexfactory,https://www.forexfactory.com/calendar?day=dec16.2025#detail=142576
146903,66,2026-01-09,2026-01-09 13:30:00,Non-Farm Employment Change,US Non-Farm Employment Change,USD,US,high,50000.0,66000.0,64000.0,-16000.0,50K,66K,64K,forexfactory,https://www.forexfactory.com/calendar?day=jan9.2026#detail=146903
152625,66,2026-02-11,2026-02-11 13:30:00,Non-Farm Employment Change,US Non-Farm Employment Change,USD,US,high,130000.0,66000.0,50000.0,64000.0,130K,66K,50K,forexfactory,https://www.forexfactory.com/calendar?day=feb11.2026#detail=152625
146905,66,2026-03-06,2026-03-06 13:30:00,Non-Farm Employment Change,US Non-Farm Employment Change,USD,US,high,-92000.0,58000.0,130000.0,-150000.0,-92K,58K,130K,forexfactory,https://www.forexfactory.com/calendar?day=mar6.2026#detail=146905
146906,66,2026-04-03,2026-04-03 12:30:00,Non-Farm Employment Change,US Non-Farm Employment Change,USD,US,high,178000.0,65000.0,-92000.0,113000.0,178K,65K,-92K,forexfactory,https://www.forexfactory.com/calendar?day=apr3.2026#detail=146906
146907,66,2026-05-08,2026-05-08 12:30:00,Non-Farm Employment Change,US Non-Farm Employment Change,USD,US,high,115000.0,65000.0,178000.0,50000.0,115K,65K,178K,forexfactory,https://www.forexfactory.com/calendar?day=may8.2026#detail=146907
