event_base_id,event_name,currency,impact,max_mover_score,best_pair,best_horizon_label,best_horizon_minutes,best_corr,best_slope_pct_per_1sd_surprise,best_n_events,avg_mover_score,median_abs_corr,stats_rows,rank,filtered_rank
104,Retail Sales m/m,CAD,medium,1.1746629027605089,USD/JPY,6h,360,-0.7978143439232994,-0.4439305885317469,11,0.20316280486380686,0.22878517724765102,32,1,1
103,Core Retail Sales m/m,CAD,medium,1.0319576729039917,USD/JPY,6h,360,-0.74778397805226,-0.41609201940253066,11,0.1570729357503613,0.3255787384430906,32,2,2
592,Spanish Flash CPI y/y,EUR,medium,0.8224038112678755,EUR/USD,12h,720,-0.7575919384660709,-0.3273055933294619,11,0.08957053962012536,0.19163693027053336,36,3,3
67,Employment Change,CAD,high,0.6675381960533527,USD/CAD,6h,360,-0.47528795124557943,-0.20936932793984314,45,0.21482308008324438,0.19508975994060251,36,6,4
263,Flash Manufacturing PMI,EUR,medium,0.5888848604821015,EUR/USD,12h,720,-0.7045370675847809,-0.2520172099590501,11,0.06997046273411793,0.19539113456397578,36,11,5
57,Unemployment Rate,CAD,high,0.5593031671430291,USD/CAD,2h,120,0.5017988846874696,0.16615420240078366,45,0.11237745496923528,0.17349767921590487,36,16,6
254,Ivey PMI,CAD,medium,0.5431330694654969,USD/JPY,12h,720,0.4465347576605269,0.20859866193944596,34,0.17431986317594236,0.3194418415444644,36,19,7
593,Core CPI Flash Estimate y/y,EUR,medium,0.517336115389009,GBP/USD,6h,360,0.448074813301205,0.2581708872906176,20,0.051633988956193234,0.14440047420822139,36,22,8
78,CPI m/m,USD,high,0.5022807599791226,USD/JPY,12h,720,0.4917906875299903,0.29483267916193723,12,0.05550971329954171,0.19150609225692256,36,23,9
75,ADP Non-Farm Employment Change,USD,high,0.4718810906977838,USD/JPY,4h,240,0.5518406954198435,0.2137759568179246,16,0.11139457243159646,0.2687283188373478,36,25,10
267,German Flash Services PMI,EUR,high,0.44355918928335647,EUR/USD,12h,720,0.5486086555562821,0.1960940720199982,17,0.041110243436881716,0.19365539988707492,36,27,11
664,Common CPI y/y,CAD,medium,0.4053240015628359,EUR/USD,12h,720,0.551479771116129,0.1782576899644232,17,0.12868418762859582,0.37648161776858424,36,29,12
79,Core CPI m/m,USD,high,0.3979230437071772,USD/JPY,12h,720,0.4377302642235796,0.2624229978804357,12,0.05421647635912705,0.19086356729949416,36,31,13
105,Retail Sales m/m,GBP,high,0.38547420823269074,USD/JPY,12h,720,-0.4020833701465033,-0.26589338781722044,13,0.039355933333036705,0.22732049107243496,36,35,14
68,Claimant Count Change,GBP,high,0.3802735182245297,GBP/USD,12h,720,-0.49592083822800614,-0.22135691948044015,12,0.06018996327364142,0.22503116926316952,36,36,15
583,Flash Services PMI,USD,high,0.34476494947242464,USD/JPY,2h,120,0.542163639346088,0.15897642540555237,16,0.06505453467343564,0.1514597351266681,36,45,16
54,Revised UoM Consumer Sentiment,USD,medium,0.34472907480089116,USD/CAD,6h,360,-0.5937316032232278,-0.14991397441865864,15,0.07790295738271281,0.30388249869019407,32,46,17
453,Industrial Production y/y,CNY,medium,0.3403394629367037,GBP/USD,12h,720,-0.577894110186195,-0.18623617398898215,10,0.03674205614046872,0.34439447287427183,36,48,18
253,ISM Services PMI,USD,high,0.33810122286981076,GBP/USD,2h,120,-0.469653644813613,-0.14694791338744975,24,0.13400451337442174,0.2886524761538156,36,51,19
470,Retail Sales y/y,CNY,medium,0.32983502191858277,USD/CAD,12h,720,-0.6445043298653683,-0.1618344319846792,10,0.03637127081006983,0.18758960000942343,36,54,20
233,Pending Home Sales m/m,USD,medium,0.3157626890859772,USD/CAD,12h,720,-0.5807388441776435,-0.13187287526645006,17,0.04073419464227121,0.22054734104957163,36,59,21
29,GDP m/m,CAD,high,0.3141310290360315,EUR/USD,6h,360,0.47224064759269424,0.15678742179775781,18,0.03613522929107518,0.1589471158061219,32,61,22
102,Retail Sales m/m,USD,high,0.3137402105911859,EUR/USD,12h,720,0.5126000877895602,0.15803230622336725,15,0.0417381052657908,0.18608655896081072,36,62,23
837,Flash Manufacturing PMI,GBP,high,0.3065342875272969,EUR/USD,6h,360,0.5903281066740398,0.125939260184254,17,0.0383941623129093,0.12028039923553466,36,65,24
455,PPI y/y,CNY,medium,0.30297107058063105,USD/JPY,12h,720,0.4431867759770651,0.16580205447060306,17,0.014065337139674875,0.10299174036237423,36,66,25
244,Flash Services PMI,EUR,medium,0.2752836001950629,EUR/USD,12h,720,0.48170241374543993,0.17230789397473031,11,0.029503569826174265,0.13016630229570092,36,75,26
85,Core PCE Price Index m/m,USD,high,0.2746835880713335,USD/CAD,6h,360,0.4610810681035107,0.14893454051428773,16,0.04493469118027857,0.14010805521794523,32,76,27
168,CPI Flash Estimate y/y,EUR,medium,0.27196740442642214,GBP/USD,6h,360,-0.3388277751348504,-0.1794828076652287,20,0.05595165834255289,0.20375180115889657,36,78,28
66,Non-Farm Employment Change,USD,high,0.2680551585419818,GBP/USD,30m,30,-0.3330989168361276,-0.10476710493340073,59,0.1391159204147013,0.23617078996513863,36,80,29
21,Cash Rate,AUD,high,0.26262377204989273,GBP/USD,6h,360,-0.5954437458173512,-0.12732177183292714,12,0.05168157540591679,0.3531280747614802,36,83,30
82,CPI y/y,GBP,high,0.2569990357118695,GBP/USD,30m,30,0.7225137507175277,0.08627022212132553,17,0.042003897695640884,0.1951340290310089,36,87,31
10,Crude Oil Inventories,USD,medium,0.24268194741074967,USD/JPY,4h,240,0.5564476618642665,0.12589907125823846,12,0.01733592708187659,0.0913870827976483,72,92,32
112,Core Retail Sales m/m,USD,high,0.24226970412701226,EUR/USD,12h,720,0.4504464191583721,0.13887060916555882,15,0.05871651140063648,0.2513969782567145,36,93,33
836,Flash Services PMI,GBP,high,0.24076521850263774,USD/JPY,12h,720,-0.3001309621690767,-0.19456220822578973,17,0.03365067987317854,0.16947066807720665,36,94,34
87,Core PPI m/m,USD,high,0.23987209069128546,USD/JPY,12h,720,0.4227370180924004,0.15737573252495343,13,0.029721282054687062,0.16566719781606645,36,97,35
231,New Home Sales,USD,medium,0.2368654430899003,USD/JPY,6h,360,0.47514754958231126,0.13323219817084825,14,0.045111786639263504,0.23519988264843306,36,99,36
804,GDP m/m,GBP,high,0.23685396008476559,EUR/USD,12h,720,-0.4269683841618596,-0.13075210213795374,18,0.04697369432274717,0.2417508030936369,36,100,37
56,Unemployment Rate,USD,high,0.2231496839401717,EUR/USD,5m,5,0.3483390765091525,0.08340038857834738,59,0.08565958813001,0.17200648969565546,36,106,38
73,Employment Change,AUD,high,0.22141139571352256,EUR/USD,12h,720,0.4742721199951526,0.11322645583741017,17,0.02470599917553831,0.13609367184648047,36,108,39
207,Empire State Manufacturing Index,USD,medium,0.2131424914469754,USD/CAD,6h,360,0.48833242713692293,0.10585954262340812,17,0.03883078394058271,0.2336922323418635,36,112,40
53,Prelim UoM Consumer Sentiment,USD,high,0.21150983711823274,GBP/USD,2h,120,0.48865260361382895,0.13050706147744212,11,0.053880429936200604,0.2881506924481376,32,113,41
657,Trimmed CPI y/y,CAD,high,0.20871429895442498,USD/JPY,12h,720,-0.42064954907520646,-0.12033925404703388,17,0.05025579521585838,0.22628209893391688,36,114,42
11,Unemployment Claims,USD,high,0.206196585708504,USD/JPY,5m,5,-0.5163180750267556,-0.05113275859181326,61,0.02361235164395277,0.10440890781642953,36,116,43
349,Durable Goods Orders m/m,USD,medium,0.20212863888367974,USD/JPY,12h,720,0.3803035010182098,0.14204747237268675,14,0.03185234372104114,0.1658819824598505,36,117,44
208,CB Consumer Confidence,USD,medium,0.198078302878138,USD/CAD,6h,360,0.46160589812307873,0.10727673957565206,16,0.06076995103497576,0.30632415106997457,36,119,45
80,CPI m/m,CAD,high,0.19671186104306046,EUR/USD,4h,240,0.3875102507922551,0.12311837963666195,17,0.054136245826347254,0.24348290681927634,36,120,46
313,German ZEW Economic Sentiment,EUR,medium,0.1962686780626636,USD/CAD,4h,240,-0.6909117809265211,-0.0856509248428454,11,0.025951625959734367,0.19776899793233094,36,121,47
86,PPI m/m,USD,high,0.19274657726388514,USD/JPY,12h,720,0.37894288465614534,0.14107213588010103,13,0.029092090937905053,0.19612926759742166,36,127,48
186,Richmond Manufacturing Index,USD,medium,0.19228665237140824,USD/CAD,12h,720,0.45878592220911774,0.10478016165225895,16,0.03284676747217725,0.21602000307847707,36,128,49
325,Philly Fed Manufacturing Index,USD,medium,0.19165265255370745,GBP/USD,4h,240,0.36572417966063325,0.1270974096383707,17,0.03441947312316922,0.17229801936621225,36,129,50
64,Unemployment Rate,AUD,high,0.17142808559360542,USD/CAD,12h,720,0.47120185119439406,0.08823695786176855,17,0.019007524896402367,0.15935957025373246,36,137,51
884,CPI y/y,USD,high,0.15575497312974437,USD/JPY,6h,360,0.3346195044365042,0.11636722535946772,16,0.019524269505722044,0.07198072552635833,36,147,52
175,Tokyo Core CPI y/y,JPY,medium,0.14856724888356435,EUR/USD,12h,720,-0.42576556657744524,-0.08723535940085263,16,0.024691202887162478,0.20361314604828779,36,149,53
180,Average Earnings Index 3m/y,GBP,medium,0.14082427647860957,GBP/USD,1h,60,0.41921892014623535,0.08147271574506881,17,0.03031765810468462,0.16962324093403525,36,153,54
169,German Prelim CPI m/m,EUR,medium,0.1372815814513912,USD/JPY,12h,720,0.3024414742055142,0.13685938516833238,11,0.03112118299884893,0.24686091739151078,36,154,55
316,German ifo Business Climate,EUR,medium,0.13680449452752313,GBP/USD,6h,360,0.4196153821389042,0.0871334575969479,14,0.03099347596403705,0.21790171321209997,36,155,56
159,Average Hourly Earnings m/m,USD,high,0.13646785489755858,EUR/USD,1m,1,-0.3051727586085494,-0.05821817613737858,59,0.039756760088066896,0.11147927056758584,36,156,57
659,Median CPI y/y,CAD,high,0.1281251036153343,USD/JPY,12h,720,-0.3295804487811113,-0.09428624241248067,17,0.02572743838171401,0.14665619793575158,36,163,58
252,ISM Manufacturing PMI,USD,high,0.12191264137887098,USD/CAD,12h,720,-0.25096929933372003,-0.11449641537859195,18,0.02713626095456352,0.14397332825835527,36,169,59
477,New Loans,CNY,medium,0.11567220094991482,EUR/USD,2h,120,-0.42654782555676346,-0.07828357379271474,12,0.018074829338046647,0.15468724886669666,36,172,60
266,German Flash Manufacturing PMI,EUR,high,0.10565193296444256,GBP/USD,2h,120,0.3446967856430634,0.07433883536228295,17,0.014142125780032128,0.14653392373324312,36,187,61
232,Existing Home Sales,USD,medium,0.10556924938922728,USD/CAD,4h,240,-0.40278499876585017,-0.07269297954365553,13,0.021137216960664954,0.11974375979025789,36,188,62
578,JOLTS Job Openings,USD,high,0.10245819096203955,USD/JPY,12h,720,0.28744864431882766,0.0920324088311189,15,0.027339227407639936,0.16419152813520532,36,191,63
350,Core Durable Goods Orders m/m,USD,medium,0.09014832790610842,USD/CAD,4h,240,-0.30273822879989193,-0.07444412311543243,16,0.018239049154430222,0.09593868557332391,36,201,64
552,Flash Manufacturing PMI,USD,high,0.08161009214131862,EUR/USD,4h,240,-0.25551644891693526,-0.07984817854901476,16,0.023062554383222675,0.15858089320217977,36,203,65
888,CPI y/y,AUD,high,0.07427164504534726,EUR/USD,1h,60,-0.5837413691177655,-0.030858734375421432,17,0.01744394699125626,0.17560998190948535,36,206,66
454,CPI y/y,CNY,medium,0.06300694828084803,USD/JPY,2h,120,0.3690633829755223,0.042680303158811946,16,0.012528840678291726,0.16573526890482354,36,212,67
255,ISM Manufacturing Prices,USD,medium,0.05544867329106844,EUR/USD,6h,360,-0.22433022856079582,-0.05670567964393623,19,0.012666820740749186,0.11251594919367716,36,215,68
100,CPI m/m,CHF,high,0.05425993399991684,EUR/USD,2h,120,0.2569807733901305,0.04976710484591872,18,0.00867303587469221,0.0958370042636697,36,217,69
