event_base_id,event_name,currency,impact,history_events,surprise_mean,surprise_std,surprise_median,surprise_abs_mean
1,Federal Funds Rate,USD,high,34,0.0,0.06154574548966637,0.0,0.014705882352941176
2,Advance GDP q/q,USD,high,19,-0.26842105263157895,1.0760280002443903,-0.20000000000000018,0.8789473684210526
3,Advance GDP Price Index q/q,USD,medium,19,0.13157894736842102,0.6280946775579365,0.2999999999999998,0.5421052631578945
10,Crude Oil Inventories,USD,low,256,464843.75,5026261.852588294,0.0,3829687.5
11,Unemployment Claims,USD,high,250,-1132.0,14645.015600118384,-2000.0,10660.0
12,Main Refinancing Rate,EUR,high,40,0.0125,0.055180356965788054,0.0,0.0125
13,Overnight Rate,CAD,high,40,0.00625,0.06904801376671313,0.0,0.01875
15,Official Bank Rate,GBP,high,40,0.00375,0.061381008505304015,0.0,0.01625
21,Cash Rate,AUD,high,47,0.012765957446808501,0.09057070568873064,0.0,0.034042553191489355
23,Official Cash Rate,NZD,high,34,-0.007352941176470588,0.09702573302931146,0.0,0.03676470588235294
26,Natural Gas Storage,USD,low,256,210937500.0,9962008100.386028,0.0,7320312500.0
27,Prelim GDP q/q,USD,high,19,0.026315789473684233,0.32290711644055353,0.0,0.20526315789473681
28,Final GDP q/q,USD,high,20,0.060000000000000074,0.23929721664644754,0.0,0.18000000000000002
29,GDP m/m,CAD,high,59,0.006779661016949149,0.14367636858418392,0.0,0.10169491525423727
30,GDP q/q,NZD,high,20,0.12999999999999995,0.6712909793430628,0.10000000000000005,0.5199999999999999
31,GDP q/q,AUD,high,19,-0.015789473684210516,0.250029238056354,0.0,0.16315789473684214
32,GDP q/q,CHF,medium,19,0.03157894736842105,0.13764944032233706,0.0,0.11578947368421051
33,Prelim GDP q/q,GBP,medium,19,0.021052631578947368,0.1548438186920437,0.0,0.12631578947368424
35,Final GDP q/q,GBP,low,20,0.040000000000000015,0.19841477024816373,0.0,0.11000000000000001
36,Prelim GDP q/q,JPY,low,19,-0.04736842105263159,0.3437835576389947,-0.1,0.2894736842105263
37,Final GDP q/q,JPY,low,20,1.1102230246251566e-17,0.1747178176073456,0.0,0.15000000000000002
38,German Prelim GDP q/q,EUR,low,20,-0.045000000000000005,0.23946211655115282,0.0,0.17500000000000002
39,French Prelim GDP q/q,EUR,low,19,-0.01052631578947368,0.08752610304046612,0.0,0.04210526315789474
40,Italian Prelim GDP q/q,EUR,low,20,0.175,0.395866803755745,0.09999999999999998,0.27499999999999997
41,Flash GDP q/q,EUR,low,19,-1.460819769243627e-18,0.04714045207910317,0.0,0.021052631578947368
42,Revised GDP q/q,EUR,low,20,0.05,0.13572417850765925,0.0,0.1
43,Prelim GDP Price Index y/y,JPY,low,19,0.07368421052631574,0.2642433753256811,0.09999999999999964,0.21052631578947367
44,Final GDP Price Index y/y,JPY,low,20,0.04500000000000002,0.19594574974238477,0.04999999999999993,0.13500000000000004
45,Prelim GDP Price Index q/q,USD,medium,19,0.17368421052631575,0.26000449838663664,0.1999999999999993,0.20526315789473684
46,Final GDP Price Index q/q,USD,medium,20,-0.010000000000000064,0.12096106376585991,0.0,0.07999999999999999
53,Prelim UoM Consumer Sentiment,USD,high,60,-0.8483333333333334,4.027132203604785,-0.8500000000000014,3.2083333333333335
54,Revised UoM Consumer Sentiment,USD,medium,59,0.0830508474576271,1.2440413207425167,0.19999999999998863,0.9440677966101689
56,Unemployment Rate,USD,high,59,-0.013559322033898301,0.14557570268875764,0.0,0.11864406779661024
57,Unemployment Rate,CAD,high,60,-0.06833333333333326,0.18272111440585492,-0.09999999999999964,0.14166666666666666
58,Unemployment Rate,GBP,low,59,-0.005084745762711824,0.1105218480718964,0.0,0.07288135593220336
59,Unemployment Rate,EUR,low,59,-0.015254237288135583,0.07614314858582753,0.0,0.05254237288135591
60,German Unemployment Change,EUR,low,59,-830.5084745762712,24084.730133407447,-3000.0,13847.457627118643
61,Italian Quarterly Unemployment Rate,EUR,low,20,-0.13000000000000003,0.22028689427533743,-0.10000000000000009,0.20000000000000004
62,Unemployment Rate,CHF,low,60,-0.0033333333333333435,0.06629841797500681,0.0,0.036666666666666674
63,Unemployment Rate,JPY,low,59,0.010169491525423738,0.10779116983577362,0.0,0.0847457627118644
64,Unemployment Rate,AUD,high,59,-0.04406779661016953,0.17446587102341235,0.0,0.12542372881355943
65,Unemployment Rate,NZD,high,20,-0.07500000000000004,0.17733405882980474,-0.04999999999999982,0.13500000000000006
66,Non-Farm Employment Change,USD,high,59,25576.271186440677,138785.7693427648,36000.0,96288.13559322034
67,Employment Change,CAD,high,60,11705.0,55818.24446589338,6650.0,42215.0
68,Claimant Count Change,GBP,high,59,174.57627118644066,33827.22629837534,2300.0,21476.271186440677
69,Final Employment Change q/q,EUR,low,20,0.014999999999999996,0.07451598203705945,0.0,0.045
70,French Prelim Private Payrolls q/q,EUR,low,20,-0.015000000000000003,0.21343062474478064,-0.04999999999999999,0.15500000000000003
71,French Final Private Payrolls q/q,EUR,low,20,0.06999999999999999,0.1260743306232687,0.09999999999999998,0.12000000000000002
73,Employment Change,AUD,high,59,6989.830508474576,44573.40979009352,9400.0,34457.627118644064
74,Employment Change q/q,NZD,high,20,0.11000000000000001,0.4930036831291907,0.0,0.33
75,ADP Non-Farm Employment Change,USD,high,57,-7438.596491228071,131974.97294452944,-9000.0,84315.78947368421
77,German Final GDP q/q,EUR,low,19,1.460819769243627e-18,0.15275252316519466,0.0,0.09473684210526316
78,CPI m/m,USD,high,57,0.017543859649122806,0.13379462809195916,0.0,0.09824561403508772
79,Core CPI m/m,USD,high,57,0.008771929824561401,0.1353312097812331,0.0,0.09649122807017542
80,CPI m/m,CAD,high,59,0.016949152542372874,0.19926809386358885,0.0,0.14915254237288134
82,CPI y/y,GBP,high,59,0.05423728813559316,0.20788096220599755,0.09999999999999964,0.17288135593220336
83,Core CPI y/y,GBP,low,59,0.04576271186440677,0.23068267045378893,0.09999999999999964,0.18135593220338975
84,RPI y/y,GBP,low,59,0.06779661016949148,0.2224012202010853,0.09999999999999964,0.17966101694915254
85,Core PCE Price Index m/m,USD,high,58,-0.005172413793103449,0.0686266630018766,0.0,0.0396551724137931
86,PPI m/m,USD,high,58,-0.01724137931034484,0.31183550040100444,0.0,0.24482758620689654
87,Core PPI m/m,USD,high,58,-0.012068965517241386,0.28597484014402785,0.0,0.22241379310344825
88,German PPI m/m,EUR,low,59,0.14237288135593218,1.4936882597057977,0.0,0.8779661016949153
89,PPI m/m,EUR,low,59,0.06271186440677966,0.6967655087381649,0.0,0.37796610169491535
90,IPPI m/m,CAD,low,59,0.03728813559322032,0.9961820746687283,0.10000000000000003,0.7152542372881356
91,RMPI m/m,CAD,low,59,-0.23728813559322035,2.826225599573466,0.1,1.8745762711864407
92,PPI Input m/m,GBP,low,51,-0.060784313725490216,0.7105148644110267,-0.1,0.4843137254901961
93,PPI Output m/m,GBP,low,51,-0.009803921568627477,0.3961085214739942,0.0,0.27647058823529413
94,PPI Input q/q,NZD,low,19,0.1736842105263158,1.362531184256043,0.0,1.0578947368421052
95,PPI Output q/q,NZD,low,19,0.2526315789473685,0.8808887059559236,0.4,0.7052631578947369
96,PPI m/m,CHF,low,59,-0.16779661016949157,0.3510774931481759,-0.2,0.3101694915254238
97,PPI q/q,AUD,low,20,0.009999999999999992,0.5056522624554505,0.04999999999999999,0.37
98,CPI m/m,AUD,high,23,0.05652173913043477,0.18297065576087665,0.09999999999999987,0.16086956521739132
99,Trimmed Mean CPI m/m,AUD,high,23,0.034782608695652174,0.164063999851981,0.0,0.1391304347826087
100,CPI m/m,CHF,high,60,-0.013333333333333334,0.1578098691535478,0.0,0.11666666666666665
102,Retail Sales m/m,USD,high,59,0.03898305084745761,0.5623279657700508,0.09999999999999998,0.411864406779661
103,Core Retail Sales m/m,CAD,medium,59,-0.005084745762711861,0.7573601450076806,0.09999999999999987,0.5610169491525424
104,Retail Sales m/m,CAD,medium,59,0.08813559322033897,0.4343384766883653,0.0,0.3118644067796611
105,Retail Sales m/m,GBP,medium,59,-0.13898305084745766,1.1441028632849142,0.09999999999999998,0.8915254237288136
106,Retail Sales m/m,EUR,low,60,-0.27499999999999997,0.572424223391554,-0.10000000000000009,0.365
107,German Retail Sales m/m,EUR,low,55,-0.9509090909090907,1.5729039818205484,-0.8999999999999999,1.383636363636364
108,Italian Retail Sales m/m,EUR,low,60,-0.10833333333333335,0.8201470861606796,-0.1,0.625
109,Retail Sales y/y,CHF,low,59,-0.7542372881355932,3.9992810575410065,-0.2999999999999998,2.2864406779661017
110,Retail Sales m/m,AUD,medium,50,0.092,1.0600038505898486,0.0,0.648
112,Core Retail Sales m/m,USD,high,59,0.0559322033898305,0.6737110775503301,0.0,0.4423728813559323
114,BRC Retail Sales Monitor y/y,GBP,low,59,-0.3389830508474576,2.624290836828018,-0.20000000000000018,1.6677966101694917
115,Retail Sales y/y,JPY,low,59,-0.08135593220338985,1.0823783799276905,0.10000000000000009,0.8372881355932204
116,BRC Shop Price Index y/y,GBP,low,13,0.02307692307692308,0.3745082245510908,0.0,0.2692307692307692
117,Trade Balance,USD,low,60,428333333.3333336,5266944943.660226,-149999999.99999237,2578333333.333333
118,Trade Balance,CAD,low,60,-10000000.0,2018364835.7443929,50000000.0,1450000000.0
119,Goods Trade Balance,GBP,low,59,-662711864.4067796,2915706474.1041183,-500000000.0,2035593220.338983
120,Trade Balance,EUR,low,59,-903389830.5084746,7561403037.607252,-200000000.0,5808474576.271187
121,Trade Balance,NZD,low,59,-107627118.6440678,918964876.7875413,-8000000.0,737525423.7288135
122,Goods Trade Balance,AUD,low,59,69830508.47457623,2443824371.1413097,-30000000.0,1837288135.5932202
123,Trade Balance,JPY,low,59,-3728813559.322034,289332753816.9965,20000000000.0,231864406779.661
124,Trade Balance,CHF,low,55,127636363.63636357,1312461588.342844,100000000.0,1022545454.5454545
125,German Trade Balance,EUR,low,60,101666666.6666666,3346614361.3532495,200000000.0,2718333333.3333335
126,French Trade Balance,EUR,low,60,-298333333.3333333,1584617974.2429357,-500000000.0,1301666666.6666667
127,Italian Trade Balance,EUR,low,59,-402372881.3559322,3196238812.7637486,-70000000.00000095,2372881355.9322033
145,Leading Indicators,JPY,low,59,0.23728813559321962,1.614150604549388,0.0,0.5084745762711876
146,Capacity Utilization Rate,CAD,low,20,-0.07000000000000028,0.9728417407942445,0.19999999999999574,0.7999999999999972
148,PPI y/y,JPY,low,59,0.13050847457627118,0.33334989243887914,0.1,0.26271186440677974
151,Halifax HPI m/m,GBP,low,60,-0.08499999999999998,0.7338833325282105,0.0,0.5483333333333335
153,Business Inventories m/m,USD,low,59,-0.016949152542372878,0.091260412486469,0.0,0.06440677966101695
154,Final Wholesale Inventories m/m,USD,low,60,0.004999999999999999,0.20701674377544882,0.0,0.12499999999999999
155,Prelim Nonfarm Productivity q/q,USD,low,20,0.04499999999999998,1.1413173367463998,0.050000000000000044,0.825
156,Revised Nonfarm Productivity q/q,USD,low,19,0.01578947368421062,0.3516045093484326,0.1,0.2578947368421053
157,Labor Productivity q/q,CAD,low,20,-0.24499999999999997,0.40971748931749497,-0.15000000000000002,0.355
158,Overseas Trade Index q/q,NZD,low,19,-0.19473684210526315,2.842040285157151,0.0,2.2052631578947364
159,Average Hourly Earnings m/m,USD,high,59,0.02372881355932204,0.14183402520971045,0.0,0.10508474576271183
162,NAHB Housing Market Index,USD,low,59,-0.8983050847457628,3.521828067893333,-1.0,2.830508474576271
166,Final CPI y/y,EUR,low,59,-0.013559322033898272,0.04718864240414452,0.0,0.02372881355932201
167,Final Core CPI y/y,EUR,low,59,0.0033898305084745623,0.03198114581908863,0.0,0.010169491525423721
168,CPI Flash Estimate y/y,EUR,medium,59,0.06440677966101692,0.24194806500598479,0.0,0.16271186440677962
169,German Prelim CPI m/m,EUR,high,59,0.025423728813559324,0.22787868849151918,0.0,0.16101694915254236
170,German Final CPI m/m,EUR,low,59,0.0016949152542372877,0.013018891098082385,0.0,0.0016949152542372877
171,French Final CPI m/m,EUR,low,59,0.015254237288135594,0.06647156333151664,0.0,0.03559322033898305
172,Italian Prelim CPI m/m,EUR,low,59,0.1457627118644068,0.4116082980206006,0.1,0.26101694915254237
173,CPI q/q,NZD,high,20,0.11000000000000001,0.2751076344384427,0.09999999999999987,0.2
174,National Core CPI y/y,JPY,low,59,0.02033898305084746,0.07138931876289857,0.0,0.050847457627118633
175,Tokyo Core CPI y/y,JPY,medium,59,-0.0016949152542373048,0.1634662523683551,0.0,0.12372881355932197
176,SPPI y/y,JPY,low,59,0.0033898305084745753,0.20841445917054335,0.0,0.15254237288135594
177,Prelim Unit Labor Costs q/q,USD,low,20,-0.004999999999999916,0.9572301048777201,-0.15000000000000013,0.805
178,Revised Unit Labor Costs q/q,USD,low,19,0.015789473684210437,0.8839703098927757,-0.19999999999999996,0.7105263157894736
179,Employment Cost Index q/q,USD,high,20,0.019999999999999973,0.16415653633362465,0.0,0.13000000000000003
180,Average Earnings Index 3m/y,GBP,medium,59,0.13898305084745768,0.3528294250144807,0.09999999999999964,0.25762711864406784
181,Average Cash Earnings y/y,JPY,low,60,-0.048333333333333346,0.7922274255447805,-0.09999999999999987,0.6083333333333333
182,Wage Price Index q/q,AUD,high,19,-0.05263157894736842,0.08411910241920598,-0.09999999999999998,0.07368421052631578
183,Labor Cost Index q/q,NZD,low,20,-0.014999999999999996,0.13088765773505312,0.0,0.10500000000000001
186,Richmond Manufacturing Index,USD,medium,59,-1.3389830508474576,7.840236998290481,0.0,6.491525423728813
187,Revised Business Investment q/q,GBP,low,20,0.195,1.9329483887792271,0.45000000000000007,1.4349999999999998
188,GfK Consumer Confidence,GBP,low,59,-0.3050847457627119,3.338667074974969,0.0,2.610169491525424
189,Chicago PMI,USD,medium,59,-0.6610169491525424,4.7398536624127,-1.3999999999999986,3.989830508474576
191,Industrial Production m/m,USD,low,58,0.032758620689655175,0.42235261356778386,0.0,0.3224137931034483
192,Capacity Utilization Rate,USD,low,58,-0.10517241379310359,0.4354559674370378,-0.09999999999999432,0.3431034482758614
193,Industrial Production m/m,GBP,low,59,-0.11694915254237288,0.7735169441500299,-0.09999999999999998,0.6220338983050847
194,Manufacturing Production m/m,GBP,low,59,-0.04406779661016949,0.8544550968691983,-0.1,0.6542372881355931
195,Current Account,USD,low,20,950000000.0,14028073356.853504,4000000000.0,10850000000.0
196,Current Account,CAD,low,19,368421052.6315789,4101768267.951836,300000000.0,3410526315.7894735
197,Current Account,GBP,low,20,705000000.0,7310876900.388324,350000000.0,5905000000.0
198,Building Permits,USD,low,57,8771.929824561403,64699.03331797703,10000.0,51578.94736842105
199,Housing Starts,USD,low,57,7192.982456140351,90034.80251636254,0.0,72105.26315789473
200,Building Permits m/m,CAD,low,58,0.0913793103448276,8.903740284093082,0.6000000000000001,7.191379310344828
201,Housing Starts,CAD,low,58,2482.7586206896553,25334.423831083957,1500.0,20551.724137931036
202,Building Approvals m/m,AUD,low,59,0.0033898305084743836,10.51419346279106,-2.0999999999999996,7.6745762711864405
204,Prelim Business Investment q/q,GBP,low,19,0.24210526315789477,2.9935701074643455,-0.5,2.4736842105263164
205,Construction Spending m/m,USD,low,56,-0.15357142857142855,0.4820276437619002,-0.19999999999999998,0.4035714285714286
207,Empire State Manufacturing Index,USD,medium,59,-1.128813559322034,15.971656477555932,-1.0,13.250847457627122
208,CB Consumer Confidence,USD,high,59,0.1711864406779648,4.753657424858929,0.4000000000000057,3.832203389830509
212,Consumer Confidence,JPY,low,59,-0.2644067796610167,1.4822818746160638,-0.10000000000000142,1.0847457627118637
213,Construction Work Done q/q,AUD,low,19,-0.6578947368421053,1.9111706097089305,-0.5,1.605263157894737
215,Current Account,NZD,low,20,-145500000.0,871396187.614723,-155000000.0,658500000.0
216,Current Account,AUD,low,19,-2457894736.8421054,4636128148.630742,-3400000000.000002,4342105263.157895
217,Current Account,JPY,low,59,29491525423.728813,572473229998.4641,-30000000000.0,415593220338.98303
218,Current Account,EUR,low,59,774576271.1864407,11039968035.003996,600000000.0000019,8632203389.83051
220,Industrial Production m/m,EUR,low,59,0.07796610169491525,0.7656567603653492,0.09999999999999998,0.5220338983050848
221,German Industrial Production m/m,EUR,low,60,-0.42,1.4239834316309028,-0.4,1.1966666666666665
222,French Industrial Production m/m,EUR,low,60,-0.08333333333333333,0.9639548949759126,-0.19999999999999998,0.7333333333333335
223,Italian Industrial Production m/m,EUR,low,59,-0.028813559322033878,1.2061696065698948,0.0,0.9
225,Prelim Industrial Production m/m,JPY,low,59,-0.3288135593220339,1.7765766040781361,-0.4,1.298305084745763
226,Revised Industrial Production m/m,JPY,low,59,0.12711864406779658,0.5848166551695043,0.09999999999999964,0.42542372881355933
228,Housing Starts y/y,JPY,low,59,0.14576271186440687,7.121030582957301,-0.40000000000000036,4.1084745762711865
231,New Home Sales,USD,medium,56,982.1428571428571,65910.54297549577,7500.0,48803.57142857143
232,Existing Home Sales,USD,medium,59,14067.796610169476,138528.20756037004,0.0,97457.62711864412
233,Pending Home Sales m/m,USD,medium,59,-0.29152542372881357,4.215091447267217,-0.19999999999999996,3.4542372881355927
237,RCM/TIPP Economic Optimism,USD,low,59,-1.3677966101694923,2.881177960605344,-1.2999999999999972,2.6050847457627127
239,HPI m/m,USD,low,59,0.06101694915254236,0.3778418521352745,0.0,0.28135593220338984
240,S&P/CS Composite-20 HPI y/y,USD,low,59,0.10508474576271179,0.42443623005580705,0.09999999999999964,0.3118644067796611
242,Nationwide HPI m/m,GBP,low,59,0.1559322033898305,0.5642423013517478,0.2,0.464406779661017
244,Flash Services PMI,EUR,medium,59,-0.040677966101694774,1.3933485644634453,-0.10000000000000142,1.08135593220339
249,Final Manufacturing PMI,GBP,low,59,0.14745762711864338,0.4591431045055143,0.09999999999999432,0.357627118644067
250,Final Services PMI,GBP,low,59,0.3322033898305081,0.7314229584352967,0.29999999999999716,0.623728813559322
251,Construction PMI,GBP,low,60,-0.17166666666666613,2.6976506832871348,0.20000000000000284,2.1016666666666666
252,ISM Manufacturing PMI,USD,high,59,-0.15762711864406725,1.1797433078239299,-0.29999999999999716,0.9338983050847455
253,ISM Services PMI,USD,high,59,0.07627118644067761,2.362081123825931,0.20000000000000284,1.8559322033898304
254,Ivey PMI,CAD,medium,60,-0.24333333333333335,7.219919870597812,0.04999999999999716,5.45
255,ISM Manufacturing Prices,USD,medium,59,-0.17457627118644062,4.772174853732797,-0.8000000000000043,3.811864406779661
256,Import Prices m/m,USD,low,58,0.034482758620689655,0.44782191171245783,0.0,0.34482758620689663
257,German Import Prices m/m,EUR,low,59,0.11694915254237286,0.9120179486990754,0.10000000000000009,0.6152542372881356
258,Import Prices q/q,AUD,low,20,0.255,1.978163688613096,0.25,1.4450000000000003
259,NHPI m/m,CAD,low,59,-0.12542372881355932,0.29101085436503915,-0.1,0.23728813559322037
260,RICS House Price Balance,GBP,low,59,-1.2542372881355932,6.998998007939233,0.0,5.4576271186440675
261,HPI q/q,AUD,low,4,0.5750000000000003,0.5737304826019501,0.5500000000000003,0.6250000000000001
263,Flash Manufacturing PMI,EUR,medium,59,-0.0847457627118638,1.049928332418215,-0.09999999999999432,0.867796610169491
264,Final Manufacturing PMI,EUR,low,59,0.04915254237288085,0.20792313015576147,0.0,0.1677966101694915
265,Final Services PMI,EUR,low,59,0.05084745762711852,0.40657224889435223,0.0,0.3322033898305085
266,German Flash Manufacturing PMI,EUR,high,59,-0.15593220338982997,1.5916020108185378,0.0,1.3186440677966098
267,German Flash Services PMI,EUR,high,59,0.04745762711864414,2.0629202545473873,0.10000000000000142,1.7152542372881352
268,French Flash Manufacturing PMI,EUR,high,59,-0.19322033898305094,1.5950207443013413,-0.29999999999999716,1.2915254237288132
269,French Flash Services PMI,EUR,high,59,-0.2525423728813567,2.056726217862394,-0.5,1.666101694915255
273,Manufacturing PMI,CHF,low,59,-0.07288135593220382,2.5924180237413137,-0.20000000000000284,1.9711864406779667
274,Final Manufacturing PMI,JPY,low,59,0.09491525423728889,0.2738132567844044,0.0,0.1966101694915252
287,Mortgage Approvals,GBP,low,59,186.4406779661017,3380.8516386340743,1000.0,2525.423728813559
290,Housing Equity Withdrawal q/q,GBP,low,20,-2755000000.0,7563170805.394979,-2400000000.0,6435000000.0
291,German WPI m/m,EUR,low,59,-0.028813559322033923,1.0651292373354362,-0.09999999999999998,0.6627118644067795
297,CB Leading Index m/m,USD,low,57,-0.08596491228070176,0.19405319271789892,-0.09999999999999998,0.156140350877193
301,KOF Economic Barometer,CHF,low,59,-0.2983050847457617,3.5760453752725487,0.20000000000001705,2.484745762711865
312,Tankan Manufacturing Index,JPY,low,20,0.6,2.186080366414065,1.0,1.8
313,German ZEW Economic Sentiment,EUR,medium,59,-0.15254237288135597,12.229717282268142,2.200000000000003,8.545762711864407
314,ZEW Economic Sentiment,EUR,low,59,-1.0627118644067794,12.373830816312257,0.8999999999999986,8.442372881355931
316,German ifo Business Climate,EUR,medium,59,-0.09661016949152572,1.269532374089104,-0.20000000000000284,0.977966101694915
317,Belgian NBB Business Climate,EUR,low,59,-0.8711864406779662,2.26228834768887,-0.9000000000000004,1.935593220338983
320,Sentix Investor Confidence,EUR,low,60,-0.563333333333333,4.868472306470486,0.15000000000000036,3.876666666666667
322,Federal Budget Balance,USD,low,59,-2586440677.9661016,74338465138.72723,-3600000000.0,42054237288.13559
324,Economy Watchers Sentiment,JPY,low,59,-0.3915254237288136,3.051641058546132,0.0,1.8864406779661014
325,Philly Fed Manufacturing Index,USD,medium,59,-0.018644067796610313,12.945289045617184,-2.3,9.964406779661015
327,Tankan Non-Manufacturing Index,JPY,low,20,1.4,1.6670175069329813,1.5,1.7
329,CBI Realized Sales,GBP,low,59,-2.152542372881356,20.164678541109375,-3.0,16.694915254237287
331,CBI Industrial Order Expectations,GBP,low,59,-0.4745762711864407,7.379739113703396,1.0,6.0
332,BSI Manufacturing Index,JPY,low,20,-0.6550000000000002,7.191111106593224,0.35000000000000053,5.935
335,German GfK Consumer Climate,EUR,low,59,-0.7457627118644066,2.4452855438576933,-0.6999999999999957,1.8542372881355933
336,Consumer Confidence,EUR,low,59,-0.3220338983050847,1.5474191858582236,0.0,1.0338983050847457
337,SECO Consumer Climate,CHF,low,38,-1.8157894736842106,5.876454452087055,-1.5,4.657894736842105
341,Consumer Credit m/m,USD,low,60,508333333.3333333,11210577506.203634,-900000000.0,8675000000.0
342,Public Sector Net Borrowing,GBP,low,59,584745762.7118644,4350458301.633171,1000000000.0,3001694915.254237
343,Net Lending to Individuals m/m,GBP,low,59,466101694.91525424,2589209050.409259,400000000.0,1608474576.2711864
344,Private Sector Credit m/m,AUD,low,59,0.04915254237288137,0.13942354394252737,0.0,0.09999999999999999
348,M4 Money Supply m/m,GBP,low,59,-0.09491525423728814,0.7180970371497827,-0.09999999999999998,0.511864406779661
349,Durable Goods Orders m/m,USD,medium,59,0.6440677966101694,2.2655798668895795,0.4,1.5932203389830508
350,Core Durable Goods Orders m/m,USD,medium,59,0.10677966101694915,0.3777722387984322,0.19999999999999996,0.3237288135593221
351,Factory Orders m/m,USD,low,59,0.025423728813559317,0.486930293226575,0.0,0.35423728813559324
352,German Factory Orders m/m,EUR,low,60,-0.25000000000000006,4.056361398668783,-0.3999999999999999,3.2299999999999995
354,Core Machinery Orders m/m,JPY,low,59,1.023728813559322,5.070718475346904,0.0,3.6677966101694914
356,Personal Spending m/m,USD,low,58,0.031034482758620703,0.19029699461236824,0.0,0.1413793103448276
357,French Consumer Spending m/m,EUR,low,59,-0.1271186440677966,0.8671854012629866,-0.10000000000000003,0.611864406779661
359,Household Spending y/y,JPY,low,58,-0.5362068965517242,1.894562697851922,-0.5999999999999999,1.5775862068965518
360,Personal Income m/m,USD,low,58,0.04137931034482758,0.2853342040230735,0.0,0.18620689655172418
362,Wholesale Sales m/m,CAD,low,59,0.7169491525423729,6.104242519653791,-0.09999999999999987,1.411864406779661
363,Manufacturing Sales m/m,CAD,low,59,0.11186440677966102,0.8747580445299721,0.10000000000000009,0.5084745762711864
365,Private Loans y/y,EUR,low,59,-0.06440677966101696,0.16995203366346387,0.0,0.13898305084745763
372,TIC Long-Term Purchases,USD,low,57,6056140350.877193,88689077716.85115,11200000000.0,73922807017.54385
374,Foreign Securities Purchases,CAD,low,59,114745762.71186441,15925317444.563265,1020000000.0,11750338983.050848
375,M3 Money Supply y/y,EUR,low,59,-0.0254237288135593,0.31926273924248477,0.0,0.25254237288135595
376,M2 Money Stock y/y,JPY,low,59,-0.0389830508474576,0.23120147144304334,0.0,0.17796610169491522
377,Monetary Base y/y,JPY,low,59,-0.9694915254237289,1.761881267016842,-0.8000000000000007,1.4881355932203388
380,Company Operating Profits q/q,AUD,low,19,-0.47894736842105273,5.626976585794188,-1.6,4.405263157894737
381,Private Capital Expenditure q/q,AUD,low,19,0.015789473684210565,1.9265003266991496,-0.30000000000000027,1.3631578947368421
382,Tertiary Industry Activity m/m,JPY,low,59,-0.19661016949152538,0.7768118091219713,-0.10000000000000009,0.6033898305084746
384,Capital Spending q/y,JPY,low,19,0.8315789473684211,4.196169236018721,1.2999999999999998,2.9578947368421056
385,Index of Services 3m/3m,GBP,low,59,0.0033898305084745927,0.15421223809269155,0.0,0.12203389830508475
388,Bank Lending y/y,JPY,low,59,-0.02372881355932205,0.49212382204525534,0.0,0.28135593220338984
448,RatingDog Manufacturing PMI,CNY,low,59,-0.03898305084745842,0.9878602702310063,0.10000000000000142,0.8288135593220338
449,Manufacturing PMI,CNY,high,59,-0.12881355932203403,0.611682486785882,0.0,0.4406779661016949
450,USD-Denominated Trade Balance,CNY,low,54,4920370370.37037,17461379266.76966,4650000000.0,13616666666.666666
452,GDP q/y,CNY,medium,20,0.16500000000000015,0.49976310177396727,0.15000000000000036,0.3949999999999999
453,Industrial Production y/y,CNY,low,54,0.11296296296296295,1.2910499305335474,0.09999999999999964,0.8611111111111112
454,CPI y/y,CNY,medium,59,-0.07627118644067797,0.2103683002300288,-0.1,0.1711864406779661
455,PPI y/y,CNY,medium,59,-0.04576271186440674,0.36403961223372067,0.0,0.2593220338983051
458,Fixed Asset Investment ytd/y,CNY,low,54,0.08148148148148147,1.4623674362206367,-0.19999999999999984,0.6592592592592593
470,Retail Sales y/y,CNY,medium,54,-0.24259259259259258,2.0206109529892986,-0.3999999999999999,1.438888888888889
476,M2 Money Supply y/y,CNY,low,59,0.05423728813559337,0.42031270538702525,0.0,0.3322033898305084
477,New Loans,CNY,medium,59,25898305084.74576,762765786236.0176,-120000000000.0,455084745762.71185
478,Asset Purchase Facility,GBP,high,5,0.0,0.0,0.0,0.0
486,Italian Monthly Unemployment Rate,EUR,low,59,-0.09999999999999998,0.24913643956121986,-0.10000000000000053,0.20847457627118643
510,Retail Sales q/q,NZD,medium,19,0.04210526315789467,1.4580488444316733,0.4,1.0736842105263158
511,Core Retail Sales q/q,NZD,low,19,0.005263157894736777,1.3802067816939307,-0.10000000000000009,1.0578947368421052
520,Non-Manufacturing PMI,CNY,medium,59,-0.17457627118644004,1.5830561037762048,-0.19999999999999574,1.0457627118644064
547,Italian Manufacturing PMI,EUR,low,59,-0.0305084745762715,1.2668524990058188,0.10000000000000142,1.0338983050847455
548,Italian Services PMI,EUR,low,59,-0.03559322033898284,1.2374560545125621,-0.19999999999999574,0.9881355932203395
552,Flash Manufacturing PMI,USD,high,59,-0.03728813559322075,1.5500721123475183,0.0,1.2440677966101696
553,Final Manufacturing PMI,USD,low,59,0.13728813559322084,0.46271250666296737,0.10000000000000142,0.3644067796610173
555,Spanish Flash GDP q/q,EUR,low,20,0.14,0.35600118273014647,0.15000000000000002,0.27999999999999997
556,French Prelim CPI m/m,EUR,low,59,-0.03559322033898305,0.21071529400035846,-0.09999999999999998,0.16101694915254233
557,Spanish Manufacturing PMI,EUR,low,59,-0.02542372881355872,1.3003438829440437,0.0,1.0491525423728807
558,Spanish Services PMI,EUR,low,59,0.10338983050847472,1.8224619670308924,0.29999999999999716,1.4220338983050849
559,Spanish Unemployment Rate,EUR,low,20,0.0400000000000003,0.5977149470230243,0.25,0.48999999999999994
561,Spanish Unemployment Change,EUR,low,59,-6791.525423728814,40304.58298632959,-8900.0,31696.610169491527
570,NFIB Small Business Index,USD,low,59,0.1016949152542373,1.680464993676958,0.0,1.1864406779661016
578,JOLTS Job Openings,USD,high,59,95762.71186440681,463804.3708803221,90000.0,376779.66101694916
583,Flash Services PMI,USD,high,59,-0.19322033898305083,2.4777537384786066,0.10000000000000142,2.0033898305084747
584,Final Services PMI,USD,low,59,-0.020338983050847387,0.638095134247764,0.0,0.47796610169491516
591,RatingDog Services PMI,CNY,low,59,-0.0949152542372878,2.333446742394367,0.10000000000000142,1.6338983050847458
592,Spanish Flash CPI y/y,EUR,medium,59,0.06610169491525422,0.4998655576119771,0.0,0.3474576271186441
593,Core CPI Flash Estimate y/y,EUR,medium,59,0.04576271186440681,0.14059238452214415,0.0,0.1101694915254237
595,Flash Manufacturing PMI,JPY,low,59,-0.23728813559322046,1.0109569220817887,-0.3999999999999986,0.7898305084745758
599,Construction Output m/m,GBP,low,59,-0.055932203389830515,1.1574751336333513,0.0,0.8796610169491526
617,French Final Manufacturing PMI,EUR,low,59,0.1440677966101701,0.46471021242411725,0.10000000000000142,0.3406779661016952
618,German Final Manufacturing PMI,EUR,low,59,0.028813559322033225,0.3841923222848554,0.0,0.30338983050847446
619,French Final Services PMI,EUR,low,59,0.13728813559322037,0.7785703753287607,0.10000000000000142,0.5813559322033899
620,German Final Services PMI,EUR,low,59,-0.013559322033897654,0.539941767970892,0.0,0.40000000000000024
625,Goods Trade Balance,USD,low,54,-1518518518.5185184,11976330021.449371,-1300000000.0,7607407407.407408
630,Trade Balance,CNY,low,54,42870370370.37037,134834916016.65617,32000000000.0,105759259259.25926
631,BOJ Core CPI y/y,JPY,low,59,0.02542372881355934,0.2097561970141913,0.0,0.16440677966101694
638,Prelim Flash GDP q/q,EUR,low,20,0.1,0.17770466332772772,0.1,0.16
639,HPI y/y,GBP,low,59,0.09491525423728818,1.6471944516843933,0.2999999999999998,1.006779661016949
641,BOJ Policy Rate,JPY,low,22,0.0,0.0,0.0,0.0
642,Prelim Wholesale Inventories m/m,USD,low,54,0.038888888888888896,0.4536712576997722,0.0,0.36111111111111116
657,Trimmed CPI y/y,CAD,high,59,0.04237288135593223,0.16938365942287847,0.0,0.12372881355932208
659,Median CPI y/y,CAD,high,59,0.03559322033898303,0.16893450257463766,0.0,0.13389830508474573
664,Common CPI y/y,CAD,medium,59,0.02881355932203392,0.22441559926236238,0.0,0.16440677966101694
675,French Flash GDP q/q,EUR,low,20,0.10499999999999998,0.2327750212679955,0.09999999999999998,0.16499999999999998
771,Unemployment Rate,CNY,low,54,0.009259259259259276,0.15328911950276025,0.0,0.11666666666666663
777,1-y Loan Prime Rate,CNY,medium,59,7.526935760170553e-18,0.02076136996343503,0.0,0.006779661016949166
804,GDP m/m,GBP,high,59,0.011864406779661016,0.2704305288843315,0.0,0.211864406779661
808,Flash Employment Change q/q,EUR,low,19,0.021052631578947364,0.19882696935448685,0.0,0.1368421052631579
828,Wards Total Vehicle Sales,USD,low,59,-20338.983050847615,565313.358637597,-100000.0,403389.83050847455
834,SNB Policy Rate,CHF,high,20,-0.025,0.16018081887929686,0.0,0.075
836,Flash Services PMI,GBP,high,59,-0.14406779661016936,1.945310115020284,-0.10000000000000142,1.4559322033898296
837,Flash Manufacturing PMI,GBP,high,59,-0.1491525423728806,1.5316627072379303,0.10000000000000142,1.2237288135593227
884,CPI y/y,USD,high,58,0.025862068965517303,0.16174524568254683,0.0,0.11896551724137931
888,CPI y/y,AUD,high,43,-0.02790697674418605,0.29866813992675706,0.0,0.22790697674418597
898,5-y Loan Prime Rate,CNY,medium,59,-0.0033898305084745567,0.03579684870986525,0.0,0.011864406779660998
923,Household Spending m/m,AUD,low,17,-0.06470588235294118,0.365617929795894,-0.1,0.2882352941176471
