pair,horizon_label,horizon_minutes,forecast_k,scenario_actual_k,delta_k,predicted_return_pct,slope_pct_per_1k_delta,intercept_pct,n_events
EUR/USD,1m,1,65.0,-85.0,-150.0,-0.02479446955642757,-0.0005428833514437612,-0.10622697227299176,59
EUR/USD,1m,1,65.0,-35.0,-100.0,-0.051938637128615635,-0.0005428833514437612,-0.10622697227299176,59
EUR/USD,1m,1,65.0,-10.0,-75.0,-0.06551072091470966,-0.0005428833514437612,-0.10622697227299176,59
EUR/USD,1m,1,65.0,15.0,-50.0,-0.0790828047008037,-0.0005428833514437612,-0.10622697227299176,59
EUR/USD,1m,1,65.0,40.0,-25.0,-0.09265488848689772,-0.0005428833514437612,-0.10622697227299176,59
EUR/USD,1m,1,65.0,65.0,0.0,-0.10622697227299176,-0.0005428833514437612,-0.10622697227299176,59
EUR/USD,1m,1,65.0,90.0,25.0,-0.11979905605908579,-0.0005428833514437612,-0.10622697227299176,59
EUR/USD,1m,1,65.0,115.0,50.0,-0.13337113984517981,-0.0005428833514437612,-0.10622697227299176,59
EUR/USD,1m,1,65.0,140.0,75.0,-0.14694322363127385,-0.0005428833514437612,-0.10622697227299176,59
EUR/USD,1m,1,65.0,165.0,100.0,-0.1605153074173679,-0.0005428833514437612,-0.10622697227299176,59
EUR/USD,1m,1,65.0,215.0,150.0,-0.18765947498955593,-0.0005428833514437612,-0.10622697227299176,59
EUR/USD,5m,5,65.0,-85.0,-150.0,-0.039362694072867396,-0.0005298352243570913,-0.11883797772643108,59
EUR/USD,5m,5,65.0,-35.0,-100.0,-0.06585445529072195,-0.0005298352243570913,-0.11883797772643108,59
EUR/USD,5m,5,65.0,-10.0,-75.0,-0.07910033589964924,-0.0005298352243570913,-0.11883797772643108,59
EUR/USD,5m,5,65.0,15.0,-50.0,-0.09234621650857652,-0.0005298352243570913,-0.11883797772643108,59
EUR/USD,5m,5,65.0,40.0,-25.0,-0.1055920971175038,-0.0005298352243570913,-0.11883797772643108,59
EUR/USD,5m,5,65.0,65.0,0.0,-0.11883797772643108,-0.0005298352243570913,-0.11883797772643108,59
EUR/USD,5m,5,65.0,90.0,25.0,-0.13208385833535835,-0.0005298352243570913,-0.11883797772643108,59
EUR/USD,5m,5,65.0,115.0,50.0,-0.14532973894428564,-0.0005298352243570913,-0.11883797772643108,59
EUR/USD,5m,5,65.0,140.0,75.0,-0.15857561955321292,-0.0005298352243570913,-0.11883797772643108,59
EUR/USD,5m,5,65.0,165.0,100.0,-0.1718215001621402,-0.0005298352243570913,-0.11883797772643108,59
EUR/USD,5m,5,65.0,215.0,150.0,-0.19831326137999478,-0.0005298352243570913,-0.11883797772643108,59
EUR/USD,15m,15,65.0,-85.0,-150.0,-0.042103808961561726,-0.0006436905348718288,-0.13865738919233606,59
EUR/USD,15m,15,65.0,-35.0,-100.0,-0.07428833570515317,-0.0006436905348718288,-0.13865738919233606,59
EUR/USD,15m,15,65.0,-10.0,-75.0,-0.0903805990769489,-0.0006436905348718288,-0.13865738919233606,59
EUR/USD,15m,15,65.0,15.0,-50.0,-0.10647286244874461,-0.0006436905348718288,-0.13865738919233606,59
EUR/USD,15m,15,65.0,40.0,-25.0,-0.12256512582054033,-0.0006436905348718288,-0.13865738919233606,59
EUR/USD,15m,15,65.0,65.0,0.0,-0.13865738919233606,-0.0006436905348718288,-0.13865738919233606,59
EUR/USD,15m,15,65.0,90.0,25.0,-0.15474965256413178,-0.0006436905348718288,-0.13865738919233606,59
EUR/USD,15m,15,65.0,115.0,50.0,-0.1708419159359275,-0.0006436905348718288,-0.13865738919233606,59
EUR/USD,15m,15,65.0,140.0,75.0,-0.18693417930772321,-0.0006436905348718288,-0.13865738919233606,59
EUR/USD,15m,15,65.0,165.0,100.0,-0.20302644267951894,-0.0006436905348718288,-0.13865738919233606,59
EUR/USD,15m,15,65.0,215.0,150.0,-0.23521096942311037,-0.0006436905348718288,-0.13865738919233606,59
EUR/USD,30m,30,65.0,-85.0,-150.0,-0.03913504311562814,-0.0006787523462602713,-0.14094789505466884,59
EUR/USD,30m,30,65.0,-35.0,-100.0,-0.0730726604286417,-0.0006787523462602713,-0.14094789505466884,59
EUR/USD,30m,30,65.0,-10.0,-75.0,-0.09004146908514848,-0.0006787523462602713,-0.14094789505466884,59
EUR/USD,30m,30,65.0,15.0,-50.0,-0.10701027774165528,-0.0006787523462602713,-0.14094789505466884,59
EUR/USD,30m,30,65.0,40.0,-25.0,-0.12397908639816206,-0.0006787523462602713,-0.14094789505466884,59
EUR/USD,30m,30,65.0,65.0,0.0,-0.14094789505466884,-0.0006787523462602713,-0.14094789505466884,59
EUR/USD,30m,30,65.0,90.0,25.0,-0.15791670371117564,-0.0006787523462602713,-0.14094789505466884,59
EUR/USD,30m,30,65.0,115.0,50.0,-0.1748855123676824,-0.0006787523462602713,-0.14094789505466884,59
EUR/USD,30m,30,65.0,140.0,75.0,-0.1918543210241892,-0.0006787523462602713,-0.14094789505466884,59
EUR/USD,30m,30,65.0,165.0,100.0,-0.208823129680696,-0.0006787523462602713,-0.14094789505466884,59
EUR/USD,30m,30,65.0,215.0,150.0,-0.24276074699370953,-0.0006787523462602713,-0.14094789505466884,59
EUR/USD,1h,60,65.0,-85.0,-150.0,-0.010501634138503635,-0.0005799454307243027,-0.09749344874714903,59
EUR/USD,1h,60,65.0,-35.0,-100.0,-0.03949890567471877,-0.0005799454307243027,-0.09749344874714903,59
EUR/USD,1h,60,65.0,-10.0,-75.0,-0.053997541442826334,-0.0005799454307243027,-0.09749344874714903,59
EUR/USD,1h,60,65.0,15.0,-50.0,-0.0684961772109339,-0.0005799454307243027,-0.09749344874714903,59
EUR/USD,1h,60,65.0,40.0,-25.0,-0.08299481297904146,-0.0005799454307243027,-0.09749344874714903,59
EUR/USD,1h,60,65.0,65.0,0.0,-0.09749344874714903,-0.0005799454307243027,-0.09749344874714903,59
EUR/USD,1h,60,65.0,90.0,25.0,-0.1119920845152566,-0.0005799454307243027,-0.09749344874714903,59
EUR/USD,1h,60,65.0,115.0,50.0,-0.12649072028336417,-0.0005799454307243027,-0.09749344874714903,59
EUR/USD,1h,60,65.0,140.0,75.0,-0.14098935605147173,-0.0005799454307243027,-0.09749344874714903,59
EUR/USD,1h,60,65.0,165.0,100.0,-0.15548799181957929,-0.0005799454307243027,-0.09749344874714903,59
EUR/USD,1h,60,65.0,215.0,150.0,-0.18448526335579443,-0.0005799454307243027,-0.09749344874714903,59
EUR/USD,2h,120,65.0,-85.0,-150.0,-0.03037664089393033,-0.0004398901503873844,-0.09636016345203799,59
EUR/USD,2h,120,65.0,-35.0,-100.0,-0.05237114841329955,-0.0004398901503873844,-0.09636016345203799,59
EUR/USD,2h,120,65.0,-10.0,-75.0,-0.06336840217298416,-0.0004398901503873844,-0.09636016345203799,59
EUR/USD,2h,120,65.0,15.0,-50.0,-0.07436565593266876,-0.0004398901503873844,-0.09636016345203799,59
EUR/USD,2h,120,65.0,40.0,-25.0,-0.08536290969235338,-0.0004398901503873844,-0.09636016345203799,59
EUR/USD,2h,120,65.0,65.0,0.0,-0.09636016345203799,-0.0004398901503873844,-0.09636016345203799,59
EUR/USD,2h,120,65.0,90.0,25.0,-0.1073574172117226,-0.0004398901503873844,-0.09636016345203799,59
EUR/USD,2h,120,65.0,115.0,50.0,-0.11835467097140721,-0.0004398901503873844,-0.09636016345203799,59
EUR/USD,2h,120,65.0,140.0,75.0,-0.1293519247310918,-0.0004398901503873844,-0.09636016345203799,59
EUR/USD,2h,120,65.0,165.0,100.0,-0.14034917849077644,-0.0004398901503873844,-0.09636016345203799,59
EUR/USD,2h,120,65.0,215.0,150.0,-0.16234368601014565,-0.0004398901503873844,-0.09636016345203799,59
EUR/USD,4h,240,65.0,-85.0,-150.0,-0.014227770265698547,-0.0005519745186707471,-0.09702394806631061,59
EUR/USD,4h,240,65.0,-35.0,-100.0,-0.0418264961992359,-0.0005519745186707471,-0.09702394806631061,59
EUR/USD,4h,240,65.0,-10.0,-75.0,-0.05562585916600458,-0.0005519745186707471,-0.09702394806631061,59
EUR/USD,4h,240,65.0,15.0,-50.0,-0.06942522213277326,-0.0005519745186707471,-0.09702394806631061,59
EUR/USD,4h,240,65.0,40.0,-25.0,-0.08322458509954193,-0.0005519745186707471,-0.09702394806631061,59
EUR/USD,4h,240,65.0,65.0,0.0,-0.09702394806631061,-0.0005519745186707471,-0.09702394806631061,59
EUR/USD,4h,240,65.0,90.0,25.0,-0.11082331103307928,-0.0005519745186707471,-0.09702394806631061,59
EUR/USD,4h,240,65.0,115.0,50.0,-0.12462267399984796,-0.0005519745186707471,-0.09702394806631061,59
EUR/USD,4h,240,65.0,140.0,75.0,-0.13842203696661665,-0.0005519745186707471,-0.09702394806631061,59
EUR/USD,4h,240,65.0,165.0,100.0,-0.15222139993338532,-0.0005519745186707471,-0.09702394806631061,59
EUR/USD,4h,240,65.0,215.0,150.0,-0.17982012586692267,-0.0005519745186707471,-0.09702394806631061,59
EUR/USD,6h,360,65.0,-85.0,-150.0,-0.009786204671332024,-0.0006627961898469626,-0.10920563314837642,59
EUR/USD,6h,360,65.0,-35.0,-100.0,-0.042926014163680165,-0.0006627961898469626,-0.10920563314837642,59
EUR/USD,6h,360,65.0,-10.0,-75.0,-0.05949591890985422,-0.0006627961898469626,-0.10920563314837642,59
EUR/USD,6h,360,65.0,15.0,-50.0,-0.07606582365602829,-0.0006627961898469626,-0.10920563314837642,59
EUR/USD,6h,360,65.0,40.0,-25.0,-0.09263572840220236,-0.0006627961898469626,-0.10920563314837642,59
EUR/USD,6h,360,65.0,65.0,0.0,-0.10920563314837642,-0.0006627961898469626,-0.10920563314837642,59
EUR/USD,6h,360,65.0,90.0,25.0,-0.12577553789455048,-0.0006627961898469626,-0.10920563314837642,59
EUR/USD,6h,360,65.0,115.0,50.0,-0.14234544264072455,-0.0006627961898469626,-0.10920563314837642,59
EUR/USD,6h,360,65.0,140.0,75.0,-0.1589153473868986,-0.0006627961898469626,-0.10920563314837642,59
EUR/USD,6h,360,65.0,165.0,100.0,-0.17548525213307267,-0.0006627961898469626,-0.10920563314837642,59
EUR/USD,6h,360,65.0,215.0,150.0,-0.20862506162542083,-0.0006627961898469626,-0.10920563314837642,59
EUR/USD,12h,720,65.0,-85.0,-150.0,-0.040487460469725414,-0.0006139525471250473,-0.1325803425384825,59
EUR/USD,12h,720,65.0,-35.0,-100.0,-0.07118508782597777,-0.0006139525471250473,-0.1325803425384825,59
EUR/USD,12h,720,65.0,-10.0,-75.0,-0.08653390150410395,-0.0006139525471250473,-0.1325803425384825,59
EUR/USD,12h,720,65.0,15.0,-50.0,-0.10188271518223013,-0.0006139525471250473,-0.1325803425384825,59
EUR/USD,12h,720,65.0,40.0,-25.0,-0.11723152886035632,-0.0006139525471250473,-0.1325803425384825,59
EUR/USD,12h,720,65.0,65.0,0.0,-0.1325803425384825,-0.0006139525471250473,-0.1325803425384825,59
EUR/USD,12h,720,65.0,90.0,25.0,-0.14792915621660868,-0.0006139525471250473,-0.1325803425384825,59
EUR/USD,12h,720,65.0,115.0,50.0,-0.16327796989473486,-0.0006139525471250473,-0.1325803425384825,59
EUR/USD,12h,720,65.0,140.0,75.0,-0.17862678357286105,-0.0006139525471250473,-0.1325803425384825,59
EUR/USD,12h,720,65.0,165.0,100.0,-0.19397559725098723,-0.0006139525471250473,-0.1325803425384825,59
EUR/USD,12h,720,65.0,215.0,150.0,-0.2246732246072396,-0.0006139525471250473,-0.1325803425384825,59
GBP/USD,1m,1,65.0,-85.0,-150.0,-0.0396507500525044,-0.0005269670058192374,-0.11869580092539,59
GBP/USD,1m,1,65.0,-35.0,-100.0,-0.06599910034346626,-0.0005269670058192374,-0.11869580092539,59
GBP/USD,1m,1,65.0,-10.0,-75.0,-0.0791732754889472,-0.0005269670058192374,-0.11869580092539,59
GBP/USD,1m,1,65.0,15.0,-50.0,-0.09234745063442813,-0.0005269670058192374,-0.11869580092539,59
GBP/USD,1m,1,65.0,40.0,-25.0,-0.10552162577990908,-0.0005269670058192374,-0.11869580092539,59
GBP/USD,1m,1,65.0,65.0,0.0,-0.11869580092539,-0.0005269670058192374,-0.11869580092539,59
GBP/USD,1m,1,65.0,90.0,25.0,-0.13186997607087095,-0.0005269670058192374,-0.11869580092539,59
GBP/USD,1m,1,65.0,115.0,50.0,-0.14504415121635186,-0.0005269670058192374,-0.11869580092539,59
GBP/USD,1m,1,65.0,140.0,75.0,-0.1582183263618328,-0.0005269670058192374,-0.11869580092539,59
GBP/USD,1m,1,65.0,165.0,100.0,-0.17139250150731375,-0.0005269670058192374,-0.11869580092539,59
GBP/USD,1m,1,65.0,215.0,150.0,-0.1977408517982756,-0.0005269670058192374,-0.11869580092539,59
GBP/USD,5m,5,65.0,-85.0,-150.0,-0.05193410696144349,-0.0005336499152338756,-0.13198159424652484,59
GBP/USD,5m,5,65.0,-35.0,-100.0,-0.07861660272313728,-0.0005336499152338756,-0.13198159424652484,59
GBP/USD,5m,5,65.0,-10.0,-75.0,-0.09195785060398416,-0.0005336499152338756,-0.13198159424652484,59
GBP/USD,5m,5,65.0,15.0,-50.0,-0.10529909848483106,-0.0005336499152338756,-0.13198159424652484,59
GBP/USD,5m,5,65.0,40.0,-25.0,-0.11864034636567794,-0.0005336499152338756,-0.13198159424652484,59
GBP/USD,5m,5,65.0,65.0,0.0,-0.13198159424652484,-0.0005336499152338756,-0.13198159424652484,59
GBP/USD,5m,5,65.0,90.0,25.0,-0.14532284212737173,-0.0005336499152338756,-0.13198159424652484,59
GBP/USD,5m,5,65.0,115.0,50.0,-0.15866409000821863,-0.0005336499152338756,-0.13198159424652484,59
GBP/USD,5m,5,65.0,140.0,75.0,-0.17200533788906552,-0.0005336499152338756,-0.13198159424652484,59
GBP/USD,5m,5,65.0,165.0,100.0,-0.1853465857699124,-0.0005336499152338756,-0.13198159424652484,59
GBP/USD,5m,5,65.0,215.0,150.0,-0.21202908153160618,-0.0005336499152338756,-0.13198159424652484,59
GBP/USD,15m,15,65.0,-85.0,-150.0,-0.06003819913032239,-0.0006480469498055194,-0.1572452416011503,59
GBP/USD,15m,15,65.0,-35.0,-100.0,-0.09244054662059836,-0.0006480469498055194,-0.1572452416011503,59
GBP/USD,15m,15,65.0,-10.0,-75.0,-0.10864172036573636,-0.0006480469498055194,-0.1572452416011503,59
GBP/USD,15m,15,65.0,15.0,-50.0,-0.12484289411087433,-0.0006480469498055194,-0.1572452416011503,59
GBP/USD,15m,15,65.0,40.0,-25.0,-0.1410440678560123,-0.0006480469498055194,-0.1572452416011503,59
GBP/USD,15m,15,65.0,65.0,0.0,-0.1572452416011503,-0.0006480469498055194,-0.1572452416011503,59
GBP/USD,15m,15,65.0,90.0,25.0,-0.1734464153462883,-0.0006480469498055194,-0.1572452416011503,59
GBP/USD,15m,15,65.0,115.0,50.0,-0.18964758909142626,-0.0006480469498055194,-0.1572452416011503,59
GBP/USD,15m,15,65.0,140.0,75.0,-0.20584876283656425,-0.0006480469498055194,-0.1572452416011503,59
GBP/USD,15m,15,65.0,165.0,100.0,-0.22204993658170225,-0.0006480469498055194,-0.1572452416011503,59
GBP/USD,15m,15,65.0,215.0,150.0,-0.25445228407197823,-0.0006480469498055194,-0.1572452416011503,59
GBP/USD,30m,30,65.0,-85.0,-150.0,-0.04112463297447355,-0.0007548836269708112,-0.15435717702009524,59
GBP/USD,30m,30,65.0,-35.0,-100.0,-0.07886881432301412,-0.0007548836269708112,-0.15435717702009524,59
GBP/USD,30m,30,65.0,-10.0,-75.0,-0.0977409049972844,-0.0007548836269708112,-0.15435717702009524,59
GBP/USD,30m,30,65.0,15.0,-50.0,-0.11661299567155468,-0.0007548836269708112,-0.15435717702009524,59
GBP/USD,30m,30,65.0,40.0,-25.0,-0.13548508634582496,-0.0007548836269708112,-0.15435717702009524,59
GBP/USD,30m,30,65.0,65.0,0.0,-0.15435717702009524,-0.0007548836269708112,-0.15435717702009524,59
GBP/USD,30m,30,65.0,90.0,25.0,-0.17322926769436553,-0.0007548836269708112,-0.15435717702009524,59
GBP/USD,30m,30,65.0,115.0,50.0,-0.1921013583686358,-0.0007548836269708112,-0.15435717702009524,59
GBP/USD,30m,30,65.0,140.0,75.0,-0.2109734490429061,-0.0007548836269708112,-0.15435717702009524,59
GBP/USD,30m,30,65.0,165.0,100.0,-0.22984553971717636,-0.0007548836269708112,-0.15435717702009524,59
GBP/USD,30m,30,65.0,215.0,150.0,-0.26758972106571693,-0.0007548836269708112,-0.15435717702009524,59
GBP/USD,1h,60,65.0,-85.0,-150.0,-0.026979958385960442,-0.0006394716302462839,-0.12290070292290303,59
GBP/USD,1h,60,65.0,-35.0,-100.0,-0.058953539898274634,-0.0006394716302462839,-0.12290070292290303,59
GBP/USD,1h,60,65.0,-10.0,-75.0,-0.07494033065443173,-0.0006394716302462839,-0.12290070292290303,59
GBP/USD,1h,60,65.0,15.0,-50.0,-0.09092712141058884,-0.0006394716302462839,-0.12290070292290303,59
GBP/USD,1h,60,65.0,40.0,-25.0,-0.10691391216674594,-0.0006394716302462839,-0.12290070292290303,59
GBP/USD,1h,60,65.0,65.0,0.0,-0.12290070292290303,-0.0006394716302462839,-0.12290070292290303,59
GBP/USD,1h,60,65.0,90.0,25.0,-0.13888749367906014,-0.0006394716302462839,-0.12290070292290303,59
GBP/USD,1h,60,65.0,115.0,50.0,-0.15487428443521722,-0.0006394716302462839,-0.12290070292290303,59
GBP/USD,1h,60,65.0,140.0,75.0,-0.17086107519137433,-0.0006394716302462839,-0.12290070292290303,59
GBP/USD,1h,60,65.0,165.0,100.0,-0.18684786594753144,-0.0006394716302462839,-0.12290070292290303,59
GBP/USD,1h,60,65.0,215.0,150.0,-0.2188214474598456,-0.0006394716302462839,-0.12290070292290303,59
GBP/USD,2h,120,65.0,-85.0,-150.0,-0.041223051635029095,-0.00044048079081285794,-0.10729517025695778,59
GBP/USD,2h,120,65.0,-35.0,-100.0,-0.06324709117567198,-0.00044048079081285794,-0.10729517025695778,59
GBP/USD,2h,120,65.0,-10.0,-75.0,-0.07425911094599344,-0.00044048079081285794,-0.10729517025695778,59
GBP/USD,2h,120,65.0,15.0,-50.0,-0.08527113071631488,-0.00044048079081285794,-0.10729517025695778,59
GBP/USD,2h,120,65.0,40.0,-25.0,-0.09628315048663634,-0.00044048079081285794,-0.10729517025695778,59
GBP/USD,2h,120,65.0,65.0,0.0,-0.10729517025695778,-0.00044048079081285794,-0.10729517025695778,59
GBP/USD,2h,120,65.0,90.0,25.0,-0.11830719002727923,-0.00044048079081285794,-0.10729517025695778,59
GBP/USD,2h,120,65.0,115.0,50.0,-0.12931920979760067,-0.00044048079081285794,-0.10729517025695778,59
GBP/USD,2h,120,65.0,140.0,75.0,-0.14033122956792213,-0.00044048079081285794,-0.10729517025695778,59
GBP/USD,2h,120,65.0,165.0,100.0,-0.15134324933824359,-0.00044048079081285794,-0.10729517025695778,59
GBP/USD,2h,120,65.0,215.0,150.0,-0.17336728887888647,-0.00044048079081285794,-0.10729517025695778,59
GBP/USD,4h,240,65.0,-85.0,-150.0,-0.05432030591288611,-0.0005622355911449818,-0.1386556445846334,59
GBP/USD,4h,240,65.0,-35.0,-100.0,-0.08243208547013521,-0.0005622355911449818,-0.1386556445846334,59
GBP/USD,4h,240,65.0,-10.0,-75.0,-0.09648797524875975,-0.0005622355911449818,-0.1386556445846334,59
GBP/USD,4h,240,65.0,15.0,-50.0,-0.11054386502738431,-0.0005622355911449818,-0.1386556445846334,59
GBP/USD,4h,240,65.0,40.0,-25.0,-0.12459975480600885,-0.0005622355911449818,-0.1386556445846334,59
GBP/USD,4h,240,65.0,65.0,0.0,-0.1386556445846334,-0.0005622355911449818,-0.1386556445846334,59
GBP/USD,4h,240,65.0,90.0,25.0,-0.15271153436325793,-0.0005622355911449818,-0.1386556445846334,59
GBP/USD,4h,240,65.0,115.0,50.0,-0.16676742414188248,-0.0005622355911449818,-0.1386556445846334,59
GBP/USD,4h,240,65.0,140.0,75.0,-0.18082331392050704,-0.0005622355911449818,-0.1386556445846334,59
GBP/USD,4h,240,65.0,165.0,100.0,-0.1948792036991316,-0.0005622355911449818,-0.1386556445846334,59
GBP/USD,4h,240,65.0,215.0,150.0,-0.22299098325638067,-0.0005622355911449818,-0.1386556445846334,59
GBP/USD,6h,360,65.0,-85.0,-150.0,-0.034997267701469714,-0.0006632515184072539,-0.1344849954625578,59
GBP/USD,6h,360,65.0,-35.0,-100.0,-0.0681598436218324,-0.0006632515184072539,-0.1344849954625578,59
GBP/USD,6h,360,65.0,-10.0,-75.0,-0.08474113158201375,-0.0006632515184072539,-0.1344849954625578,59
GBP/USD,6h,360,65.0,15.0,-50.0,-0.10132241954219509,-0.0006632515184072539,-0.1344849954625578,59
GBP/USD,6h,360,65.0,40.0,-25.0,-0.11790370750237644,-0.0006632515184072539,-0.1344849954625578,59
GBP/USD,6h,360,65.0,65.0,0.0,-0.1344849954625578,-0.0006632515184072539,-0.1344849954625578,59
GBP/USD,6h,360,65.0,90.0,25.0,-0.15106628342273914,-0.0006632515184072539,-0.1344849954625578,59
GBP/USD,6h,360,65.0,115.0,50.0,-0.1676475713829205,-0.0006632515184072539,-0.1344849954625578,59
GBP/USD,6h,360,65.0,140.0,75.0,-0.18422885934310185,-0.0006632515184072539,-0.1344849954625578,59
GBP/USD,6h,360,65.0,165.0,100.0,-0.20081014730328317,-0.0006632515184072539,-0.1344849954625578,59
GBP/USD,6h,360,65.0,215.0,150.0,-0.23397272322364587,-0.0006632515184072539,-0.1344849954625578,59
GBP/USD,12h,720,65.0,-85.0,-150.0,-0.07664716116006441,-0.0006263638675117858,-0.17060174128683228,59
GBP/USD,12h,720,65.0,-35.0,-100.0,-0.1079653545356537,-0.0006263638675117858,-0.17060174128683228,59
GBP/USD,12h,720,65.0,-10.0,-75.0,-0.12362445122344834,-0.0006263638675117858,-0.17060174128683228,59
GBP/USD,12h,720,65.0,15.0,-50.0,-0.13928354791124298,-0.0006263638675117858,-0.17060174128683228,59
GBP/USD,12h,720,65.0,40.0,-25.0,-0.15494264459903764,-0.0006263638675117858,-0.17060174128683228,59
GBP/USD,12h,720,65.0,65.0,0.0,-0.17060174128683228,-0.0006263638675117858,-0.17060174128683228,59
GBP/USD,12h,720,65.0,90.0,25.0,-0.18626083797462692,-0.0006263638675117858,-0.17060174128683228,59
GBP/USD,12h,720,65.0,115.0,50.0,-0.20191993466242159,-0.0006263638675117858,-0.17060174128683228,59
GBP/USD,12h,720,65.0,140.0,75.0,-0.21757903135021622,-0.0006263638675117858,-0.17060174128683228,59
GBP/USD,12h,720,65.0,165.0,100.0,-0.23323812803801086,-0.0006263638675117858,-0.17060174128683228,59
GBP/USD,12h,720,65.0,215.0,150.0,-0.26455632141360014,-0.0006263638675117858,-0.17060174128683228,59
USD/CAD,1m,1,65.0,-85.0,-150.0,-0.10171790892544208,0.0002519425807796961,-0.06392652180848767,59
USD/CAD,1m,1,65.0,-35.0,-100.0,-0.08912077988645728,0.0002519425807796961,-0.06392652180848767,59
USD/CAD,1m,1,65.0,-10.0,-75.0,-0.08282221536696488,0.0002519425807796961,-0.06392652180848767,59
USD/CAD,1m,1,65.0,15.0,-50.0,-0.07652365084747247,0.0002519425807796961,-0.06392652180848767,59
USD/CAD,1m,1,65.0,40.0,-25.0,-0.07022508632798007,0.0002519425807796961,-0.06392652180848767,59
USD/CAD,1m,1,65.0,65.0,0.0,-0.06392652180848767,0.0002519425807796961,-0.06392652180848767,59
USD/CAD,1m,1,65.0,90.0,25.0,-0.057627957288995266,0.0002519425807796961,-0.06392652180848767,59
USD/CAD,1m,1,65.0,115.0,50.0,-0.05132939276950286,0.0002519425807796961,-0.06392652180848767,59
USD/CAD,1m,1,65.0,140.0,75.0,-0.04503082825001046,0.0002519425807796961,-0.06392652180848767,59
USD/CAD,1m,1,65.0,165.0,100.0,-0.03873226373051805,0.0002519425807796961,-0.06392652180848767,59
USD/CAD,1m,1,65.0,215.0,150.0,-0.02613513469153325,0.0002519425807796961,-0.06392652180848767,59
USD/CAD,5m,5,65.0,-85.0,-150.0,-0.13872609923773493,0.00034486214116394157,-0.08699677806314371,59
USD/CAD,5m,5,65.0,-35.0,-100.0,-0.12148299217953787,0.00034486214116394157,-0.08699677806314371,59
USD/CAD,5m,5,65.0,-10.0,-75.0,-0.11286143865043932,0.00034486214116394157,-0.08699677806314371,59
USD/CAD,5m,5,65.0,15.0,-50.0,-0.10423988512134079,0.00034486214116394157,-0.08699677806314371,59
USD/CAD,5m,5,65.0,40.0,-25.0,-0.09561833159224226,0.00034486214116394157,-0.08699677806314371,59
USD/CAD,5m,5,65.0,65.0,0.0,-0.08699677806314371,0.00034486214116394157,-0.08699677806314371,59
USD/CAD,5m,5,65.0,90.0,25.0,-0.07837522453404516,0.00034486214116394157,-0.08699677806314371,59
USD/CAD,5m,5,65.0,115.0,50.0,-0.06975367100494663,0.00034486214116394157,-0.08699677806314371,59
USD/CAD,5m,5,65.0,140.0,75.0,-0.06113211747584809,0.00034486214116394157,-0.08699677806314371,59
USD/CAD,5m,5,65.0,165.0,100.0,-0.05251056394674955,0.00034486214116394157,-0.08699677806314371,59
USD/CAD,5m,5,65.0,215.0,150.0,-0.03526745688855247,0.00034486214116394157,-0.08699677806314371,59
USD/CAD,15m,15,65.0,-85.0,-150.0,-0.13122412117416063,0.0002720430075602471,-0.09041767004012356,59
USD/CAD,15m,15,65.0,-35.0,-100.0,-0.11762197079614828,0.0002720430075602471,-0.09041767004012356,59
USD/CAD,15m,15,65.0,-10.0,-75.0,-0.11082089560714209,0.0002720430075602471,-0.09041767004012356,59
USD/CAD,15m,15,65.0,15.0,-50.0,-0.10401982041813591,0.0002720430075602471,-0.09041767004012356,59
USD/CAD,15m,15,65.0,40.0,-25.0,-0.09721874522912974,0.0002720430075602471,-0.09041767004012356,59
USD/CAD,15m,15,65.0,65.0,0.0,-0.09041767004012356,0.0002720430075602471,-0.09041767004012356,59
USD/CAD,15m,15,65.0,90.0,25.0,-0.08361659485111739,0.0002720430075602471,-0.09041767004012356,59
USD/CAD,15m,15,65.0,115.0,50.0,-0.07681551966211121,0.0002720430075602471,-0.09041767004012356,59
USD/CAD,15m,15,65.0,140.0,75.0,-0.07001444447310504,0.0002720430075602471,-0.09041767004012356,59
USD/CAD,15m,15,65.0,165.0,100.0,-0.06321336928409885,0.0002720430075602471,-0.09041767004012356,59
USD/CAD,15m,15,65.0,215.0,150.0,-0.049611218906086496,0.0002720430075602471,-0.09041767004012356,59
USD/CAD,30m,30,65.0,-85.0,-150.0,-0.16168696636837573,0.0004385633665827815,-0.09590246138095851,59
USD/CAD,30m,30,65.0,-35.0,-100.0,-0.13975879803923666,0.0004385633665827815,-0.09590246138095851,59
USD/CAD,30m,30,65.0,-10.0,-75.0,-0.12879471387466712,0.0004385633665827815,-0.09590246138095851,59
USD/CAD,30m,30,65.0,15.0,-50.0,-0.11783062971009758,0.0004385633665827815,-0.09590246138095851,59
USD/CAD,30m,30,65.0,40.0,-25.0,-0.10686654554552805,0.0004385633665827815,-0.09590246138095851,59
USD/CAD,30m,30,65.0,65.0,0.0,-0.09590246138095851,0.0004385633665827815,-0.09590246138095851,59
USD/CAD,30m,30,65.0,90.0,25.0,-0.08493837721638897,0.0004385633665827815,-0.09590246138095851,59
USD/CAD,30m,30,65.0,115.0,50.0,-0.07397429305181943,0.0004385633665827815,-0.09590246138095851,59
USD/CAD,30m,30,65.0,140.0,75.0,-0.0630102088872499,0.0004385633665827815,-0.09590246138095851,59
USD/CAD,30m,30,65.0,165.0,100.0,-0.05204612472268036,0.0004385633665827815,-0.09590246138095851,59
USD/CAD,30m,30,65.0,215.0,150.0,-0.030117956393541284,0.0004385633665827815,-0.09590246138095851,59
USD/CAD,1h,60,65.0,-85.0,-150.0,-0.1806658990193113,0.00036721020306203927,-0.1255843685600054,59
USD/CAD,1h,60,65.0,-35.0,-100.0,-0.16230538886620932,0.00036721020306203927,-0.1255843685600054,59
USD/CAD,1h,60,65.0,-10.0,-75.0,-0.15312513378965836,0.00036721020306203927,-0.1255843685600054,59
USD/CAD,1h,60,65.0,15.0,-50.0,-0.14394487871310738,0.00036721020306203927,-0.1255843685600054,59
USD/CAD,1h,60,65.0,40.0,-25.0,-0.1347646236365564,0.00036721020306203927,-0.1255843685600054,59
USD/CAD,1h,60,65.0,65.0,0.0,-0.1255843685600054,0.00036721020306203927,-0.1255843685600054,59
USD/CAD,1h,60,65.0,90.0,25.0,-0.11640411348345442,0.00036721020306203927,-0.1255843685600054,59
USD/CAD,1h,60,65.0,115.0,50.0,-0.10722385840690343,0.00036721020306203927,-0.1255843685600054,59
USD/CAD,1h,60,65.0,140.0,75.0,-0.09804360333035246,0.00036721020306203927,-0.1255843685600054,59
USD/CAD,1h,60,65.0,165.0,100.0,-0.08886334825380147,0.00036721020306203927,-0.1255843685600054,59
USD/CAD,1h,60,65.0,215.0,150.0,-0.07050283810069952,0.00036721020306203927,-0.1255843685600054,59
USD/CAD,2h,120,65.0,-85.0,-150.0,-0.16112456935098007,0.00026778895154540766,-0.12095622661916892,59
USD/CAD,2h,120,65.0,-35.0,-100.0,-0.14773512177370968,0.00026778895154540766,-0.12095622661916892,59
USD/CAD,2h,120,65.0,-10.0,-75.0,-0.1410403979850745,0.00026778895154540766,-0.12095622661916892,59
USD/CAD,2h,120,65.0,15.0,-50.0,-0.1343456741964393,0.00026778895154540766,-0.12095622661916892,59
USD/CAD,2h,120,65.0,40.0,-25.0,-0.1276509504078041,0.00026778895154540766,-0.12095622661916892,59
USD/CAD,2h,120,65.0,65.0,0.0,-0.12095622661916892,0.00026778895154540766,-0.12095622661916892,59
USD/CAD,2h,120,65.0,90.0,25.0,-0.11426150283053374,0.00026778895154540766,-0.12095622661916892,59
USD/CAD,2h,120,65.0,115.0,50.0,-0.10756677904189854,0.00026778895154540766,-0.12095622661916892,59
USD/CAD,2h,120,65.0,140.0,75.0,-0.10087205525326334,0.00026778895154540766,-0.12095622661916892,59
USD/CAD,2h,120,65.0,165.0,100.0,-0.09417733146462816,0.00026778895154540766,-0.12095622661916892,59
USD/CAD,2h,120,65.0,215.0,150.0,-0.08078788388735778,0.00026778895154540766,-0.12095622661916892,59
USD/CAD,4h,240,65.0,-85.0,-150.0,-0.13022560576067407,6.46148998107658e-05,-0.1205333707890592,59
USD/CAD,4h,240,65.0,-35.0,-100.0,-0.12699486077013578,6.46148998107658e-05,-0.1205333707890592,59
USD/CAD,4h,240,65.0,-10.0,-75.0,-0.12537948827486664,6.46148998107658e-05,-0.1205333707890592,59
USD/CAD,4h,240,65.0,15.0,-50.0,-0.12376411577959748,6.46148998107658e-05,-0.1205333707890592,59
USD/CAD,4h,240,65.0,40.0,-25.0,-0.12214874328432834,6.46148998107658e-05,-0.1205333707890592,59
USD/CAD,4h,240,65.0,65.0,0.0,-0.1205333707890592,6.46148998107658e-05,-0.1205333707890592,59
USD/CAD,4h,240,65.0,90.0,25.0,-0.11891799829379004,6.46148998107658e-05,-0.1205333707890592,59
USD/CAD,4h,240,65.0,115.0,50.0,-0.11730262579852091,6.46148998107658e-05,-0.1205333707890592,59
USD/CAD,4h,240,65.0,140.0,75.0,-0.11568725330325176,6.46148998107658e-05,-0.1205333707890592,59
USD/CAD,4h,240,65.0,165.0,100.0,-0.11407188080798261,6.46148998107658e-05,-0.1205333707890592,59
USD/CAD,4h,240,65.0,215.0,150.0,-0.11084113581744433,6.46148998107658e-05,-0.1205333707890592,59
USD/CAD,6h,360,65.0,-85.0,-150.0,-0.1592385236352255,0.00017862902198505107,-0.13244417033746786,59
USD/CAD,6h,360,65.0,-35.0,-100.0,-0.15030707253597297,0.00017862902198505107,-0.13244417033746786,59
USD/CAD,6h,360,65.0,-10.0,-75.0,-0.14584134698634668,0.00017862902198505107,-0.13244417033746786,59
USD/CAD,6h,360,65.0,15.0,-50.0,-0.14137562143672042,0.00017862902198505107,-0.13244417033746786,59
USD/CAD,6h,360,65.0,40.0,-25.0,-0.13690989588709412,0.00017862902198505107,-0.13244417033746786,59
USD/CAD,6h,360,65.0,65.0,0.0,-0.13244417033746786,0.00017862902198505107,-0.13244417033746786,59
USD/CAD,6h,360,65.0,90.0,25.0,-0.1279784447878416,0.00017862902198505107,-0.13244417033746786,59
USD/CAD,6h,360,65.0,115.0,50.0,-0.1235127192382153,0.00017862902198505107,-0.13244417033746786,59
USD/CAD,6h,360,65.0,140.0,75.0,-0.11904699368858904,0.00017862902198505107,-0.13244417033746786,59
USD/CAD,6h,360,65.0,165.0,100.0,-0.11458126813896274,0.00017862902198505107,-0.13244417033746786,59
USD/CAD,6h,360,65.0,215.0,150.0,-0.1056498170397102,0.00017862902198505107,-0.13244417033746786,59
USD/CAD,12h,720,65.0,-85.0,-150.0,-0.15825693190235954,9.804306306581446e-05,-0.14355047244248736,59
USD/CAD,12h,720,65.0,-35.0,-100.0,-0.1533547787490688,9.804306306581446e-05,-0.14355047244248736,59
USD/CAD,12h,720,65.0,-10.0,-75.0,-0.15090370217242344,9.804306306581446e-05,-0.14355047244248736,59
USD/CAD,12h,720,65.0,15.0,-50.0,-0.1484526255957781,9.804306306581446e-05,-0.14355047244248736,59
USD/CAD,12h,720,65.0,40.0,-25.0,-0.14600154901913273,9.804306306581446e-05,-0.14355047244248736,59
USD/CAD,12h,720,65.0,65.0,0.0,-0.14355047244248736,9.804306306581446e-05,-0.14355047244248736,59
USD/CAD,12h,720,65.0,90.0,25.0,-0.141099395865842,9.804306306581446e-05,-0.14355047244248736,59
USD/CAD,12h,720,65.0,115.0,50.0,-0.13864831928919663,9.804306306581446e-05,-0.14355047244248736,59
USD/CAD,12h,720,65.0,140.0,75.0,-0.1361972427125513,9.804306306581446e-05,-0.14355047244248736,59
USD/CAD,12h,720,65.0,165.0,100.0,-0.13374616613590593,9.804306306581446e-05,-0.14355047244248736,59
USD/CAD,12h,720,65.0,215.0,150.0,-0.1288440129826152,9.804306306581446e-05,-0.14355047244248736,59
USD/JPY,1m,1,65.0,-85.0,-150.0,-0.19267983737196948,0.00038926402931889405,-0.13429023297413537,59
USD/JPY,1m,1,65.0,-35.0,-100.0,-0.17321663590602476,0.00038926402931889405,-0.13429023297413537,59
USD/JPY,1m,1,65.0,-10.0,-75.0,-0.1634850351730524,0.00038926402931889405,-0.13429023297413537,59
USD/JPY,1m,1,65.0,15.0,-50.0,-0.15375343444008008,0.00038926402931889405,-0.13429023297413537,59
USD/JPY,1m,1,65.0,40.0,-25.0,-0.14402183370710772,0.00038926402931889405,-0.13429023297413537,59
USD/JPY,1m,1,65.0,65.0,0.0,-0.13429023297413537,0.00038926402931889405,-0.13429023297413537,59
USD/JPY,1m,1,65.0,90.0,25.0,-0.12455863224116301,0.00038926402931889405,-0.13429023297413537,59
USD/JPY,1m,1,65.0,115.0,50.0,-0.11482703150819067,0.00038926402931889405,-0.13429023297413537,59
USD/JPY,1m,1,65.0,140.0,75.0,-0.10509543077521831,0.00038926402931889405,-0.13429023297413537,59
USD/JPY,1m,1,65.0,165.0,100.0,-0.09536383004224597,0.00038926402931889405,-0.13429023297413537,59
USD/JPY,1m,1,65.0,215.0,150.0,-0.07590062857630125,0.00038926402931889405,-0.13429023297413537,59
USD/JPY,5m,5,65.0,-85.0,-150.0,-0.23179795809836773,0.0004806894967426256,-0.15969453358697389,59
USD/JPY,5m,5,65.0,-35.0,-100.0,-0.20776348326123645,0.0004806894967426256,-0.15969453358697389,59
USD/JPY,5m,5,65.0,-10.0,-75.0,-0.1957462458426708,0.0004806894967426256,-0.15969453358697389,59
USD/JPY,5m,5,65.0,15.0,-50.0,-0.18372900842410517,0.0004806894967426256,-0.15969453358697389,59
USD/JPY,5m,5,65.0,40.0,-25.0,-0.17171177100553953,0.0004806894967426256,-0.15969453358697389,59
USD/JPY,5m,5,65.0,65.0,0.0,-0.15969453358697389,0.0004806894967426256,-0.15969453358697389,59
USD/JPY,5m,5,65.0,90.0,25.0,-0.14767729616840825,0.0004806894967426256,-0.15969453358697389,59
USD/JPY,5m,5,65.0,115.0,50.0,-0.1356600587498426,0.0004806894967426256,-0.15969453358697389,59
USD/JPY,5m,5,65.0,140.0,75.0,-0.12364282133127696,0.0004806894967426256,-0.15969453358697389,59
USD/JPY,5m,5,65.0,165.0,100.0,-0.11162558391271132,0.0004806894967426256,-0.15969453358697389,59
USD/JPY,5m,5,65.0,215.0,150.0,-0.08759110907558004,0.0004806894967426256,-0.15969453358697389,59
USD/JPY,15m,15,65.0,-85.0,-150.0,-0.26932093145350094,0.0006729050791575826,-0.16838516957986355,59
USD/JPY,15m,15,65.0,-35.0,-100.0,-0.2356756774956218,0.0006729050791575826,-0.16838516957986355,59
USD/JPY,15m,15,65.0,-10.0,-75.0,-0.21885305051668225,0.0006729050791575826,-0.16838516957986355,59
USD/JPY,15m,15,65.0,15.0,-50.0,-0.20203042353774267,0.0006729050791575826,-0.16838516957986355,59
USD/JPY,15m,15,65.0,40.0,-25.0,-0.18520779655880312,0.0006729050791575826,-0.16838516957986355,59
USD/JPY,15m,15,65.0,65.0,0.0,-0.16838516957986355,0.0006729050791575826,-0.16838516957986355,59
USD/JPY,15m,15,65.0,90.0,25.0,-0.15156254260092397,0.0006729050791575826,-0.16838516957986355,59
USD/JPY,15m,15,65.0,115.0,50.0,-0.13473991562198442,0.0006729050791575826,-0.16838516957986355,59
USD/JPY,15m,15,65.0,140.0,75.0,-0.11791728864304485,0.0006729050791575826,-0.16838516957986355,59
USD/JPY,15m,15,65.0,165.0,100.0,-0.10109466166410529,0.0006729050791575826,-0.16838516957986355,59
USD/JPY,15m,15,65.0,215.0,150.0,-0.06744940770622615,0.0006729050791575826,-0.16838516957986355,59
USD/JPY,30m,30,65.0,-85.0,-150.0,-0.26337444687773814,0.0006572885673945855,-0.1647811617685503,59
USD/JPY,30m,30,65.0,-35.0,-100.0,-0.23051001850800884,0.0006572885673945855,-0.1647811617685503,59
USD/JPY,30m,30,65.0,-10.0,-75.0,-0.21407780432314422,0.0006572885673945855,-0.1647811617685503,59
USD/JPY,30m,30,65.0,15.0,-50.0,-0.19764559013827956,0.0006572885673945855,-0.1647811617685503,59
USD/JPY,30m,30,65.0,40.0,-25.0,-0.1812133759534149,0.0006572885673945855,-0.1647811617685503,59
USD/JPY,30m,30,65.0,65.0,0.0,-0.1647811617685503,0.0006572885673945855,-0.1647811617685503,59
USD/JPY,30m,30,65.0,90.0,25.0,-0.14834894758368566,0.0006572885673945855,-0.1647811617685503,59
USD/JPY,30m,30,65.0,115.0,50.0,-0.131916733398821,0.0006572885673945855,-0.1647811617685503,59
USD/JPY,30m,30,65.0,140.0,75.0,-0.11548451921395637,0.0006572885673945855,-0.1647811617685503,59
USD/JPY,30m,30,65.0,165.0,100.0,-0.09905230502909174,0.0006572885673945855,-0.1647811617685503,59
USD/JPY,30m,30,65.0,215.0,150.0,-0.06618787665936246,0.0006572885673945855,-0.1647811617685503,59
USD/JPY,1h,60,65.0,-85.0,-150.0,-0.2961664606233021,0.0006033555031650622,-0.20566313514854279,59
USD/JPY,1h,60,65.0,-35.0,-100.0,-0.265998685465049,0.0006033555031650622,-0.20566313514854279,59
USD/JPY,1h,60,65.0,-10.0,-75.0,-0.25091479788592247,0.0006033555031650622,-0.20566313514854279,59
USD/JPY,1h,60,65.0,15.0,-50.0,-0.2358309103067959,0.0006033555031650622,-0.20566313514854279,59
USD/JPY,1h,60,65.0,40.0,-25.0,-0.22074702272766933,0.0006033555031650622,-0.20566313514854279,59
USD/JPY,1h,60,65.0,65.0,0.0,-0.20566313514854279,0.0006033555031650622,-0.20566313514854279,59
USD/JPY,1h,60,65.0,90.0,25.0,-0.19057924756941624,0.0006033555031650622,-0.20566313514854279,59
USD/JPY,1h,60,65.0,115.0,50.0,-0.17549535999028967,0.0006033555031650622,-0.20566313514854279,59
USD/JPY,1h,60,65.0,140.0,75.0,-0.1604114724111631,0.0006033555031650622,-0.20566313514854279,59
USD/JPY,1h,60,65.0,165.0,100.0,-0.14532758483203656,0.0006033555031650622,-0.20566313514854279,59
USD/JPY,1h,60,65.0,215.0,150.0,-0.11515980967378345,0.0006033555031650622,-0.20566313514854279,59
USD/JPY,2h,120,65.0,-85.0,-150.0,-0.3629238858635443,0.0007164168280327719,-0.2554613616586285,59
USD/JPY,2h,120,65.0,-35.0,-100.0,-0.3271030444619057,0.0007164168280327719,-0.2554613616586285,59
USD/JPY,2h,120,65.0,-10.0,-75.0,-0.30919262376108636,0.0007164168280327719,-0.2554613616586285,59
USD/JPY,2h,120,65.0,15.0,-50.0,-0.2912822030602671,0.0007164168280327719,-0.2554613616586285,59
USD/JPY,2h,120,65.0,40.0,-25.0,-0.27337178235944776,0.0007164168280327719,-0.2554613616586285,59
USD/JPY,2h,120,65.0,65.0,0.0,-0.2554613616586285,0.0007164168280327719,-0.2554613616586285,59
USD/JPY,2h,120,65.0,90.0,25.0,-0.23755094095780918,0.0007164168280327719,-0.2554613616586285,59
USD/JPY,2h,120,65.0,115.0,50.0,-0.21964052025698988,0.0007164168280327719,-0.2554613616586285,59
USD/JPY,2h,120,65.0,140.0,75.0,-0.2017300995561706,0.0007164168280327719,-0.2554613616586285,59
USD/JPY,2h,120,65.0,165.0,100.0,-0.18381967885535128,0.0007164168280327719,-0.2554613616586285,59
USD/JPY,2h,120,65.0,215.0,150.0,-0.1479988374537127,0.0007164168280327719,-0.2554613616586285,59
USD/JPY,4h,240,65.0,-85.0,-150.0,-0.40017993895271503,0.0009904527854246547,-0.2516120211390168,59
USD/JPY,4h,240,65.0,-35.0,-100.0,-0.3506572996814823,0.0009904527854246547,-0.2516120211390168,59
USD/JPY,4h,240,65.0,-10.0,-75.0,-0.32589598004586595,0.0009904527854246547,-0.2516120211390168,59
USD/JPY,4h,240,65.0,15.0,-50.0,-0.30113466041024955,0.0009904527854246547,-0.2516120211390168,59
USD/JPY,4h,240,65.0,40.0,-25.0,-0.27637334077463316,0.0009904527854246547,-0.2516120211390168,59
USD/JPY,4h,240,65.0,65.0,0.0,-0.2516120211390168,0.0009904527854246547,-0.2516120211390168,59
USD/JPY,4h,240,65.0,90.0,25.0,-0.22685070150340045,0.0009904527854246547,-0.2516120211390168,59
USD/JPY,4h,240,65.0,115.0,50.0,-0.20208938186778408,0.0009904527854246547,-0.2516120211390168,59
USD/JPY,4h,240,65.0,140.0,75.0,-0.1773280622321677,0.0009904527854246547,-0.2516120211390168,59
USD/JPY,4h,240,65.0,165.0,100.0,-0.15256674259655134,0.0009904527854246547,-0.2516120211390168,59
USD/JPY,4h,240,65.0,215.0,150.0,-0.1030441033253186,0.0009904527854246547,-0.2516120211390168,59
USD/JPY,6h,360,65.0,-85.0,-150.0,-0.4074570840898929,0.0010197942699863554,-0.25448794359193955,59
USD/JPY,6h,360,65.0,-35.0,-100.0,-0.3564673705905751,0.0010197942699863554,-0.25448794359193955,59
USD/JPY,6h,360,65.0,-10.0,-75.0,-0.3309725138409162,0.0010197942699863554,-0.25448794359193955,59
USD/JPY,6h,360,65.0,15.0,-50.0,-0.3054776570912573,0.0010197942699863554,-0.25448794359193955,59
USD/JPY,6h,360,65.0,40.0,-25.0,-0.27998280034159845,0.0010197942699863554,-0.25448794359193955,59
USD/JPY,6h,360,65.0,65.0,0.0,-0.25448794359193955,0.0010197942699863554,-0.25448794359193955,59
USD/JPY,6h,360,65.0,90.0,25.0,-0.22899308684228065,0.0010197942699863554,-0.25448794359193955,59
USD/JPY,6h,360,65.0,115.0,50.0,-0.20349823009262177,0.0010197942699863554,-0.25448794359193955,59
USD/JPY,6h,360,65.0,140.0,75.0,-0.1780033733429629,0.0010197942699863554,-0.25448794359193955,59
USD/JPY,6h,360,65.0,165.0,100.0,-0.152508516593304,0.0010197942699863554,-0.25448794359193955,59
USD/JPY,6h,360,65.0,215.0,150.0,-0.10151880309398623,0.0010197942699863554,-0.25448794359193955,59
USD/JPY,12h,720,65.0,-85.0,-150.0,-0.4344066532245202,0.000947100482476827,-0.29234158085299616,59
USD/JPY,12h,720,65.0,-35.0,-100.0,-0.38705162910067886,0.000947100482476827,-0.29234158085299616,59
USD/JPY,12h,720,65.0,-10.0,-75.0,-0.3633741170387582,0.000947100482476827,-0.29234158085299616,59
USD/JPY,12h,720,65.0,15.0,-50.0,-0.3396966049768375,0.000947100482476827,-0.29234158085299616,59
USD/JPY,12h,720,65.0,40.0,-25.0,-0.3160190929149168,0.000947100482476827,-0.29234158085299616,59
USD/JPY,12h,720,65.0,65.0,0.0,-0.29234158085299616,0.000947100482476827,-0.29234158085299616,59
USD/JPY,12h,720,65.0,90.0,25.0,-0.2686640687910755,0.000947100482476827,-0.29234158085299616,59
USD/JPY,12h,720,65.0,115.0,50.0,-0.24498655672915481,0.000947100482476827,-0.29234158085299616,59
USD/JPY,12h,720,65.0,140.0,75.0,-0.22130904466723414,0.000947100482476827,-0.29234158085299616,59
USD/JPY,12h,720,65.0,165.0,100.0,-0.19763153260531346,0.000947100482476827,-0.29234158085299616,59
USD/JPY,12h,720,65.0,215.0,150.0,-0.15027650848147212,0.000947100482476827,-0.29234158085299616,59
