date,release_time_utc,actual,forecast,delta,delta_k,pct_delta,delta_zscore,delta_std_series,EUR/USD_returns_1m,EUR/USD_returns_5m,EUR/USD_returns_15m,EUR/USD_returns_30m,EUR/USD_returns_1h,EUR/USD_returns_2h,EUR/USD_returns_4h,EUR/USD_returns_6h,EUR/USD_returns_12h,GBP/USD_returns_1m,GBP/USD_returns_5m,GBP/USD_returns_15m,GBP/USD_returns_30m,GBP/USD_returns_1h,GBP/USD_returns_2h,GBP/USD_returns_4h,GBP/USD_returns_6h,GBP/USD_returns_12h,USD/CAD_returns_1m,USD/CAD_returns_5m,USD/CAD_returns_15m,USD/CAD_returns_30m,USD/CAD_returns_1h,USD/CAD_returns_2h,USD/CAD_returns_4h,USD/CAD_returns_6h,USD/CAD_returns_12h,USD/JPY_returns_1m,USD/JPY_returns_5m,USD/JPY_returns_15m,USD/JPY_returns_30m,USD/JPY_returns_1h,USD/JPY_returns_2h,USD/JPY_returns_4h,USD/JPY_returns_6h,USD/JPY_returns_12h
2021-06-04,2021-06-04 12:30:00,559000.0,645000.0,-86000.0,-86.0,-13.333333333333334,-0.6144618491118373,139959.8691510419,0.02140728176924177,0.07821891415680063,0.05187149044083608,0.18690203698519559,0.2626508801686257,0.24124359839940218,0.18772539397632518,0.14738090141123045,0.15643782831360126,0.008468535860713612,0.024699896260425146,-0.0028228452869097607,0.07480540010302247,0.17642783043167987,0.13479086244979613,-0.0014114226434627153,-0.08186251332030471,-0.10444527561556713,-0.11626564638751186,-0.2613915596088111,-0.2432508204561578,-0.30509424938569163,-0.3908504708346362,-0.2671636129755685,-0.34467404390057643,-0.39827168230617366,-0.4518693207117708,-0.2106983925165737,-0.22159658523294867,-0.22341295068567352,-0.30696576151121047,-0.4304786122967975,-0.6048496957587838,-0.572155117609659,-0.5412769049132719,-0.5757878485151215
2021-07-02,2021-07-02 12:30:00,850000.0,725000.0,125000.0,125.0,17.24137931034483,0.8931131527788333,139959.8691510419,0.005075283370002625,0.29521231602097725,0.22669599052613904,0.27744882422603384,0.15902554559297108,0.20893249873117684,0.18271020131958737,0.4297073253256618,0.34004398578921796,0.031283875708445374,0.27646215742337454,0.2946504572538657,0.2990156492131784,0.21025674604041147,0.2786447534030309,0.37467897650800724,0.6867902015991237,0.5769328706229851,-0.11749084617551336,-0.30901702007806425,-0.2985555063775079,-0.31706433830926284,-0.3033838973162235,-0.5262946123204434,-0.6357381402647583,-0.9222226692954593,-0.85221100068403,-0.05017606422535987,-0.21683227754531925,-0.1989122546076807,-0.30464038993970216,-0.24460831309863731,-0.2714883475050824,-0.30912039567410543,-0.5205766663381356,-0.5349126846882312
2021-08-06,2021-08-06 12:30:00,943000.0,870000.0,73000.0,73.0,8.39080459770115,0.5215780812228387,139959.8691510419,0.022870695862097536,-0.052517894201860565,-0.14061242641141797,-0.18042437846766043,-0.18042437846766043,-0.35746050569648813,-0.4015077718012763,-0.3718605734615132,-0.38880182965567694,0.0826351263958299,-0.015089892646179487,-0.03520974950777341,-0.10634781483982625,-0.12215627380249577,-0.2859893939611595,-0.33485190348216426,-0.30323498555680917,-0.33988186769756273,0.019947657347127817,-0.05106600280862807,-0.022341376228780317,-0.030320439167627902,-0.033512064343152764,0.15958125877696938,0.23378654410826782,0.18830588535683485,0.1444210391931643,0.002726157481030591,-0.02544413648962315,0.034531328093049846,0.10177654595846677,0.16084329138079195,0.253532645735832,0.20264437275659863,0.17901767458767115,0.13994275069289505
2021-09-03,2021-09-03 12:30:00,235000.0,720000.0,-485000.0,-485.0,-67.36111111111111,-3.465279032781873,139959.8691510419,0.05041974437189048,-0.005041974437185316,-0.20840161007050678,-0.05546171880909446,-0.02605020125881568,-0.1428559423870417,-0.116805741128226,-0.05966336417340933,-0.19159502861320996,0.06929106578321077,0.028871277409681838,-0.13930391350165197,-0.015879202575309788,-0.03248018708586602,0.0028871277409697866,0.0887791780347368,0.21076032509058606,0.038976224503052055,-0.12529528187446923,-0.18514971589094345,0.03112430568857439,-0.16360211964501417,0.030326246568349535,-0.06544084785799503,-0.06544084785799503,-0.1675924152461207,-0.07262337993998327,-0.2428398621178873,-0.10823199847201864,0.0018190251843994386,-0.05638978071651186,-0.18554056880916928,-0.259211088777521,-0.30650574357202276,-0.2919535420967885,-0.24738742507889236
2021-10-08,2021-10-08 12:30:00,194000.0,490000.0,-296000.0,-296.0,-60.40816326530612,-2.1148919457802773,139959.8691510419,-0.07596160486154202,-0.06387680408811226,-0.06042400386712959,-0.10531040673986594,-0.166597610662246,-0.1070368068503477,-0.1968096125958204,-0.0733720046958098,-0.10962640701607991,-0.0710222072530452,-0.10689940473139817,-0.08346939821492044,-0.11275690636050544,-0.23722881597925782,-0.10250627850954742,-0.33607415597061524,-0.2386931913865306,-0.35877197478344847,-0.1540094320802435,-0.1771507457088734,-0.2521605209189359,-0.249766591922872,-0.21226170431784072,-0.3686650653941482,-0.32397839080092505,-0.541825929442921,-0.5242704501384462,-0.05276714485028217,-0.10911172324974054,-0.17887167745859375,-0.1922870532679886,-0.026830751618789696,0.1341537580939485,0.3577433549171875,0.31660286910170576,0.3604264300790665
2021-11-05,2021-11-05 12:30:00,531000.0,455000.0,76000.0,76.0,16.7032967032967,0.5430127968895306,139959.8691510419,-0.13086055984053213,-0.09879538954848072,-0.12046104515122649,-0.2079902937862863,-0.04939769477424036,-0.1273940549440905,0.15945922523616118,0.12132767137534171,0.20885692001040157,-0.12484208961877861,-0.03641227613880355,-0.09734710559559505,-0.07951252136433859,0.11295236679796299,0.13524559708702943,0.2727205172029473,0.22887716430112165,0.2660325481162324,-0.0016031935615673607,-0.15150179156880084,-0.11382674287179878,-0.16512893684218571,-0.2420822277977572,-0.10741396862549374,-0.24849500204406225,-0.19639121129288273,-0.19158163060816286,0.04123458089873581,0.01842396167816041,0.014037304135745419,-0.05790387955993271,-0.3544419294274503,-0.30355670193539647,-0.4877963187169881,-0.5290308996157239,-0.5834254531417296
2021-12-03,2021-12-03 13:30:00,210000.0,553000.0,-343000.0,-343.0,-62.0253164556962,-2.4507024912251185,139959.8691510419,-0.005294133218034375,-0.19323586245841143,-0.1623534186865116,-0.20117706228546298,-0.2444124835661228,-0.5426486548489741,-0.22500066176665687,-0.08647084256129997,-0.19058879584939425,-0.0075132609054973775,-0.13148206584622912,-0.17581030518865864,-0.18407489218471074,-0.29151452313333825,-0.7160137642939818,-0.5522246765541156,-0.45981156741649953,-0.6266059595185512,-0.3120222159817782,-0.37676682579798826,-0.36896627039844465,-0.4313707135948107,-0.5210771006895706,-0.1973540516084684,0.12402883085275518,0.0366626103778566,0.1833130518893003,-0.09706938696269839,-0.015001632530595306,-0.07853795854254607,0.15001632530599068,0.20031591673211838,0.1023640807970276,-0.41210367010527504,-0.608007341975444,-0.5382938731567842
2022-01-07,2022-01-07 13:30:00,199000.0,426000.0,-227000.0,-227.0,-53.286384976525824,-1.6218934854463611,139959.8691510419,-0.010598459690515967,-0.12188228644103166,-0.15014484561575397,-0.16074330530628955,0.06535716809158702,0.22521726842366038,0.3029393061541762,0.3656468593231146,0.32590263548366016,0.016221198156690063,-0.08258064516129106,-0.16589861751151067,-0.17548387096774554,-0.002211981566818396,0.03465437788018215,0.13050691244239995,0.2492165898617466,0.14894009216590842,-0.16994358817003324,-0.03068425897513713,0.060581742079128996,0.1250973635140542,-0.029110707232829124,-0.2501947270281084,-0.4453151430751921,-0.5751331618161878,-0.5609711961353633,0.03883327580255584,0.00431480842251438,-0.018122195374526057,-0.021574042112522847,-0.1259924059371771,-0.18122195374524833,-0.22178115291680256,-0.2752847773558754,-0.3028995512599233
2022-02-04,2022-02-04 13:30:00,467000.0,110000.0,357000.0,357.0,324.54545454545456,2.550731164336348,139959.8691510419,-0.06981411990574325,-0.18500741775023125,-0.2714023911336021,-0.18151671175494022,-0.18500741775023125,-0.17191727026791406,-0.0008726764988082266,-0.06894144340691566,-0.09861244436686041,-0.11886392664396853,-0.23772785328795343,-0.2296067154427088,-0.23772785328795343,-0.1306764907825122,-0.07530509638314206,-0.0420822597435167,-0.04798854181278854,-0.1757118915606648,-0.015689597012699,0.298886823091956,0.16787868803590023,0.24083531414496626,0.18121484549669611,0.26358522981337457,0.08158590446605571,0.0078447985063495,0.11453405819271666,0.0008678596844503626,0.12931109298248739,0.09199312655129445,0.1232360751913595,0.08157881033793944,0.05988231822679136,-0.023432211480048794,-0.006075017791127873,-0.06248589728013011
2022-03-04,2022-03-04 13:30:00,678000.0,407000.0,271000.0,271.0,66.58476658476658,1.9362693152245105,139959.8691510419,-0.06304824561404235,-0.06487573099415099,-0.3188961988304087,-0.31615497076023563,-0.25950292397660396,-0.28600146198831117,-0.18183479532163158,-0.09868421052631304,-0.11787280701754507,-0.032395862370317136,-0.03314925451846911,-0.23882531096260126,-0.2923161534810397,-0.34806717244391727,-0.3450536038513261,-0.3661485839994474,-0.24861940888850992,-0.3646417997031602,-0.030591114457840147,0.00862826305221311,0.16472138554216795,0.19295933734939028,0.2588478915662714,0.1662901606425624,-0.08157630522087803,-0.23845381526103882,-0.18746862449800095,-0.058025236647694205,-0.06668571972944493,-0.03117773909428786,-0.04070427048420505,-0.05369499510682499,-0.44255068547723214,-0.5144326950557251,-0.5923770427914448,-0.5871807529423968
2022-04-01,2022-04-01 12:30:00,431000.0,492000.0,-61000.0,-61.0,-12.398373983739837,-0.43583921855607066,139959.8691510419,-0.03347113792822535,-0.06422839980821839,0.002713876048252403,-0.08232090679644721,-0.09136716029056163,-0.19811295152111977,-0.08593940819409701,-0.05880064771173366,-0.1049365405317232,-0.02894885194948021,-0.09598829856932023,-0.08837017963523135,-0.10284460560997992,-0.2201636371946915,-0.24758886535736407,-0.12646077430560806,-0.15693325004189593,-0.11731903158471158,0.032803674011491,0.05520618309251272,0.06320707919287508,0.04640519738210879,0.052005824652364224,0.15441729473700952,0.13441505448611252,0.13041460643592245,0.08320931944377209,0.09296636085627263,0.04729867482161626,0.1231396534148797,0.14271151885830552,0.30254841997960863,0.2625891946992887,-0.008154943934764621,0.009785932721712909,-0.12069317023445149
2022-05-06,2022-05-06 12:30:00,428000.0,390000.0,38000.0,38.0,9.743589743589745,0.2715063984447653,139959.8691510419,-0.002831070050107533,-0.04624081081845098,-0.18968169335735138,-0.31707984561229513,-0.08210103145318132,-0.18401955325713634,-0.19723121349098544,-0.39446242698197087,-0.4860003586022053,-0.07596020977946819,-0.1381829348115846,-0.17373877768708226,-0.34828564271226725,-0.22141593063378004,-0.1931328738009917,-0.1397991094877542,-0.26909308358047784,-0.29333570372286016,0.04596125232728232,-0.0054530299371354845,0.03193917534607432,0.2352592915735125,0.1277567013842973,0.3692480271716666,0.38872313409001,0.5390709594995706,0.4868776729584315,0.0038345322637509793,-0.04294676135405893,0.08742733561360516,0.20323020997897628,0.10353237112136363,0.017638848413267585,-0.02224028712977312,0.11656978081812568,0.08282589689709963
2022-06-03,2022-06-03 12:30:00,390000.0,325000.0,65000.0,65.0,20.0,0.4644188394449933,139959.8691510419,-0.004656881007365646,-0.04004917666343142,-0.257059831607171,-0.18348111169063663,-0.06333358170032169,-0.05960807689441677,-0.09406899634900114,-0.14902019223605226,-0.18534386409357875,-0.007166632160653874,-0.06449968944593791,-0.2548135879345662,-0.1696102944689498,-0.04220350050165784,-0.1337771336656451,-0.3957573537608829,-0.4626459205937054,-0.5757194502396719,-0.05566467599183676,-0.049302998735621814,0.07156886913233887,-0.011928144855398637,-0.09224432021502865,-0.0612311435910028,0.025446709024824533,0.1129197712977008,0.12564312581011305,-0.007671888665544708,0.0966657971859549,0.18565970570634327,0.15957528424347384,0.13579242938025907,0.11277676338360314,0.38052567781137075,0.42425544320500613,0.3337271569515
2022-07-08,2022-07-08 12:30:00,372000.0,260000.0,112000.0,112.0,43.07692307692308,0.8002293848898346,139959.8691510419,-0.2245907129770149,0.065013101124934,-0.16154770582555447,-0.06796824208515528,0.1930692094012847,0.1635177997990499,0.09850469867413779,0.1861738804940944,0.2994542839693386,-0.22304152067711538,-0.0024967334404133335,-0.35120717061845025,-0.199738675233233,-0.04161222400691969,0.012483667202066668,0.06491506945080211,0.09154689281522331,0.11068851585842301,0.014580503564542706,-0.16729209353009883,-0.05832201425820491,-0.1458050356454952,-0.40978888965627613,-0.5103176247592333,-0.48038922270567586,-0.5601982948484844,-0.7259555985296732,-0.008807856608094754,-0.04697523524316507,0.18056106046594247,0.163679335300431,0.13064987302006525,-0.19377284537806372,-0.05798505600327308,-0.05431511574990374,-0.1629453472497321
2022-08-05,2022-08-05 12:30:00,528000.0,250000.0,278000.0,278.0,111.20000000000002,1.9862836517801252,139959.8691510419,-0.49942336636759393,-0.48574053441231446,-0.5658828358646536,-0.6782775269258533,-0.7476690318418983,-0.5707695615629769,-0.5942258449148816,-0.5131061983228735,-0.48183115385366004,-0.4036410066312555,-0.4687178219860946,-0.6005189670085274,-0.8492936282383987,-0.9530870299435792,-0.6540631821738999,-0.6112278100415982,-0.5519172947815107,-0.597223938382963,0.049487724724529204,0.06108641020684852,0.053353953218641365,0.24047941233326475,0.3796636381210106,0.03324956504928903,0.07500483278561108,0.010825439783493445,-0.027836845157542315,0.09994033412886792,0.22896778042958527,0.43332338902147133,0.48254773269689083,0.5802505966587048,0.9158711217183622,0.8964797136038172,0.7249403341288633,0.6511038186157446
2022-09-02,2022-09-02 12:30:00,315000.0,295000.0,20000.0,20.0,6.779661016949152,0.14289810444461332,139959.8691510419,0.0179513518365299,-0.03989189297004676,-0.27824595346610276,-0.1655513558257118,-0.1755243290682235,-0.1854973023107352,-0.3680027126487191,-0.6073540704690329,-0.7539567771339681,0.0017259382631804711,-0.13030833887071,-0.34432468350606565,-0.3797064179014282,-0.2373165111883974,-0.041422518316522924,-0.3408728069796856,-0.6437749721692474,-0.7542350210132958,-0.1322992700729815,-0.16195255474452291,-0.06538929440388237,-0.13762165450120645,-0.2486313868613051,-0.4151459854014614,-0.2509124087591133,-0.17183698296836442,-0.21365571776155562,-0.18422231864060612,-0.14154533362733906,0.08464268694297628,0.06614932677055381,-0.21623005740054627,-0.37555746811675,-0.2966050458421958,-0.3428384462732318,-0.3179435383488294
2022-10-07,2022-10-07 12:30:00,263000.0,248000.0,15000.0,15.0,6.048387096774194,0.10717357833345999,139959.8691510419,-0.2948137266903394,-0.2550291753376645,-0.480474966336148,-0.44477088178887975,-0.3458195617578655,-0.34173909495247023,-0.3815236463051451,-0.5569837189374485,-0.6528746888644135,-0.42016057091882175,-0.2970561998215928,-0.6770740410347891,-0.5816235504014345,-0.5102586975914316,-0.8858162355040137,-0.8876003568242554,-1.083853702051749,-1.0401427297056203,-0.07993895570655869,-0.18313288034592332,-0.08865956905635689,-0.18313288034592332,-0.2885069583227375,-0.4353039497111253,-0.4244031830238776,-0.37716652737909434,-0.16932524254205467,0.005511767623864132,-0.05649561814473463,0.03513751860220727,-0.02618089621342316,-0.05649561814473463,0.034448547649219355,0.06820812434547038,0.11712506200737714,0.050983850520850915
2022-11-04,2022-11-04 12:30:00,261000.0,197000.0,64000.0,64.0,32.48730964467005,0.45727393422276263,139959.8691510419,-0.2114575246189695,0.061292036121433205,0.22473746577861112,0.6476525150165501,0.8764761165365946,1.405630695051689,1.2595513422955862,1.499611817104567,1.7039186041760337,-0.2331356295555239,0.036622838359298755,0.16524939259681892,0.6681434900671654,0.7530012862655368,1.2112333857367457,0.8950264399028081,1.393454337573231,1.618550807488916,-0.31117066063360677,-0.5483925289754795,-0.7285054290128131,-0.9496196396277613,-0.9357084806817942,-1.2432183100138376,-1.0162467693163686,-1.1634121876395664,-1.342792921416597,-0.038462057517656356,-0.15519777594840564,-0.2780064508293001,-0.6477820213498211,-0.682870214172931,-1.0128341812979964,-0.6943413541343313,-0.8259220772210273,-1.0614178328992343
2022-12-02,2022-12-02 13:30:00,263000.0,200000.0,63000.0,63.0,31.5,0.450129029000532,139959.8691510419,-0.5846454637776226,-0.8171749095982466,-0.811480310925093,-0.6786063418847214,-0.4925827852282137,-0.756432523751225,-0.04176039026982868,-0.16799066085818068,-0.03606579159667501,-0.6502607561929675,-0.8670143415906113,-0.9281290743155158,-0.6804106910039177,-0.5052151238591903,-0.585071707953061,0.15482398956975332,-0.025260756192962225,0.042372881355920294,0.14012247742472453,0.1564330303524604,0.15346747527468577,-0.0667249892498555,-0.22834774098841742,-0.027431384469386685,-0.21277857683011286,-0.027431384469386685,-0.1705194169718694,0.22163611782176862,0.3804753355940326,0.4587867638910506,0.07535628005940133,-0.050976307098996296,0.13372045775247057,-0.55482908161381,-0.5503963592573746,-0.8023227465147815
2023-01-06,2023-01-06 13:30:00,223000.0,200000.0,23000.0,23.0,11.5,0.16433282011130532,139959.8691510419,-0.1500360846279404,-0.0940099517605544,0.0,0.11774983856876096,-0.09211076081588439,0.5422190146997267,0.8764766209594781,1.0834884339271396,1.0493029969233112,-0.22233408843024088,-0.22317308499034189,-0.031042872724220277,0.07550969041027963,-0.1275274771373409,0.6770702240120834,1.2509438711301266,1.4615320077187677,1.4128702072321475,-0.2804545853958584,-0.3924899680735795,-0.6495123165695157,-0.8377024691719557,-0.8347734395594633,-0.9402185056090889,-1.537740546556919,-1.5882663073723668,-1.5655663278755716,-0.27465186020962956,-0.49363104605245134,-0.8343478131773472,-0.9568276967843579,-0.6881142551738627,-1.3005136732088316,-1.805279254134636,-1.9552243237625926,-1.9938240446569129
2023-02-03,2023-02-03 13:30:00,517000.0,193000.0,324000.0,324.0,167.87564766839378,2.3149492920027357,139959.8691510419,-0.561905720639514,-0.5975968006149981,-0.7586642384530323,-0.8007614097061466,-0.6781305195340153,-0.6186453862415553,-0.9023437142517209,-1.0954416084780074,-1.228139213515021,-0.5694165318693464,-0.6037285753966315,-0.931326895740393,-0.9256082218191788,-0.9860627747005887,-1.0187409113932309,-1.2752642844304938,-1.5048281946963287,-1.5317876574677567,0.007457566446932781,-0.10067714703337727,-0.0014915132893766206,0.07457566446917877,0.0439996420368173,-0.2759299585359168,-0.1961339975539115,-0.05369447841779017,-0.07606717775853883,-0.0594016632465695,-0.05863021307453243,0.2846651134803201,0.34098097603876326,0.594016632465695,1.0283430793205053,1.1687470106305728,1.152546557017882,1.180318763211085
2023-03-10,2023-03-10 13:30:00,311000.0,224000.0,87000.0,87.0,38.839285714285715,0.621606754334068,139959.8691510419,-0.015053864609320225,-0.019758197299717124,0.07621018958460529,-0.06491979112763602,0.2051089053017687,0.594627652067543,0.3368302206331953,0.12513524956483335,0.09596838688432241,-0.08302682596746096,-0.04732529080145459,-0.0448344860224326,-0.21586974751541693,0.04234368124341062,0.5288808814128019,0.10793487375771768,-0.13035211676891556,-0.1652233836752602,-0.19607701268350494,-0.16858281902308378,-0.3082243815615205,-0.1917358242108111,-0.22935945764084592,-0.2308065204650879,-0.14615334524747747,0.1526651279565343,-0.010852971181734629,-0.3635406075590216,-0.4725296428231927,-0.49593668395376056,-0.2545515722948506,-0.9201893044451505,-1.6736034408350542,-1.3298125242299537,-1.393450417303656,-1.279341091792192
2023-04-07,2023-04-07 12:30:00,236000.0,228000.0,8000.0,8.0,3.508771929824561,0.05715924177784533,139959.8691510419,-0.02015722636566207,-0.22905939051876884,-0.16034157336315444,-0.0879588059592157,-0.10536731963863447,-0.012827325869053984,-0.021073463927722826,-0.044895640541688944,-0.1035348445144926,0.016087257283503964,-0.2026994417721785,-0.251765576486871,-0.12387188108300194,-0.17937291871108527,-0.08124064928170038,-0.10939334952784123,-0.13432859831727775,-0.16811183861262893,-0.05844103004165355,0.05770127016770378,0.014795197478896719,-0.07841454663816576,-0.02293255609229484,-0.10578566197412634,-0.04216631281485729,-0.008137358613398123,-0.08951094474734651,-0.1247740832885851,0.07335203684239022,0.001512413130778023,-0.08242651562701538,0.014367924742326739,-0.08998858128086251,-0.09074478784625152,-0.07940168936548082,-0.0771330696693138
2023-05-05,2023-05-05 12:30:00,253000.0,181000.0,72000.0,72.0,39.77900552486188,0.514433176000608,139959.8691510419,-0.09990282180062131,-0.18254970165385193,-0.34148600906390925,-0.2879017682799363,-0.1988974361303018,-0.03905292124932388,0.12079159363165405,0.08264687985323062,0.049951410900310654,-0.11111463855995966,-0.12063875043651909,-0.2642941045747528,-0.22064192514048103,-0.13095653830279766,0.11587669449823938,0.33255023969015984,0.2881043842661689,0.19365694149020588,-0.07918183701862819,-0.182044223425993,-0.16576384572122219,-0.2775064381493756,-0.37518870437795115,-0.4987715715004564,-0.6726756060740641,-0.9457419412130371,-1.051564396293998,-0.14137152585026647,-0.2102068761333717,0.009622145738503557,-0.0962214573849935,-0.1694977980089449,-0.2657192553939384,-0.22723067243994519,-0.23463232300801515,-0.23907331334886134
2023-06-02,2023-06-02 12:30:00,339000.0,193000.0,146000.0,146.0,75.64766839378238,1.0431561624456773,139959.8691510419,-0.07153673922537411,-0.037161942454728016,-0.14493157557345576,-0.13099584715294307,0.045523379507035625,-0.3112312680583781,-0.4589499893159364,-0.48589239759562863,-0.5332738742254131,-0.03272512491419803,-0.007183564005566904,-0.126111456986426,-0.1069552863049438,0.047890426703696656,-0.1939562281500051,-0.542758169308633,-0.6401353702728269,-0.6800440591925739,-0.0810728391113253,-0.17255870342961166,-0.14131962780872853,-0.09520480189219155,-0.20602914159484118,-0.057271638638285674,0.015619537810441548,-0.07363496396349836,-0.13685690272003567,-0.15274182329276512,-0.3528120988734324,-0.17210346286507855,-0.12262371729137278,-0.2703458562505691,0.09250561129000086,0.30763493987135415,0.3865156936845313,0.3298649704914328
2023-07-07,2023-07-07 12:30:00,209000.0,224000.0,-15000.0,-15.0,-6.696428571428571,-0.10717357833345999,139959.8691510419,-0.05861557342516201,0.08883922847250704,-0.06319491509901264,-0.06227904676423845,-0.08242815012914868,0.1236422251937027,0.45060722070595455,0.47075632407084445,0.42129943399336334,-0.018750878947452067,0.06406550307044243,-0.15235089144804587,-0.1484444583339854,-0.1578198978077201,0.07578480241260648,0.2711064581152134,0.30782692938730194,0.27266903136084447,-0.0457024694317909,-0.14534883720928965,-0.04720091105249853,-0.06817909374250528,-0.16333013665786447,-0.3378985854711111,-0.5079717094222016,-0.5866398945097102,-0.5596679453368397,-0.0468050325888624,-0.27594011750157654,0.04470928486103193,0.1306349417032923,-0.23961382355200553,-0.5050752024142907,-0.7181428880800798,-0.6978839933774339,-0.7432918608144027
2023-08-04,2023-08-04 12:30:00,187000.0,205000.0,-18000.0,-18.0,-8.780487804878048,-0.128608294000152,139959.8691510419,-0.021860710837449036,-0.11567959484816864,0.04189969577176551,0.10383837647786774,0.41171005410524636,0.40806660229902164,0.541052593226808,0.3698103583334808,0.22133969722914873,-0.06515322783219404,-0.17897513187640024,-0.01883948756593962,0.057303441346404756,0.2786674202461822,0.2276438080884298,0.3053566942979111,0.18446998241648413,0.02668927405174634,0.007478201043956042,0.12638159764286871,0.018695502609881804,-0.05683432793407921,-0.07627765064836159,-0.14881620077475344,-0.32081482478575907,-0.03140844438462534,0.05384304751647685,-0.26731419214432517,-0.1399550744211029,-0.35758521514593516,-0.4506553396359807,-0.709572227315019,-0.8439290987592906,-0.7326648145945132,-0.7305654884781864,-0.8439290987592906
2023-09-01,2023-09-01 12:30:00,187000.0,169000.0,18000.0,18.0,10.650887573964498,0.128608294000152,139959.8691510419,0.110439272205184,0.14909301747701068,-0.024848836246168442,-0.0027609818051275562,0.08651076322739823,-0.4564823251148178,-0.744544760116691,-0.8117286507081964,-0.8651076322740435,0.08033646803081304,0.12680560149960535,-0.011026574043446985,-0.020477923223534405,0.007088511885065567,-0.5497534773088847,-0.8939401099506932,-0.8577099380936681,-0.8939401099506932,-0.05918385464446291,0.05548486372917678,0.25375077678809543,0.204924096706414,0.2019649039741884,0.47864942443701175,0.6746959429467654,0.6192110792175886,0.5185985263220164,-0.27952961912368557,-0.3800501225523894,-0.36972267356999683,-0.3428713062157407,-0.22238440142106214,0.4475227892374251,0.6561372586819442,0.6306628845253482,0.6320398777230085
2023-10-06,2023-10-06 12:30:00,336000.0,171000.0,165000.0,165.0,96.49122807017544,1.17890936166806,139959.8691510419,-0.24340578680683442,-0.4631339678931724,-0.47828763555429266,-0.5701567457498616,-0.42714400719799345,-0.16953165695884437,0.21878107685751141,0.372211961926409,0.2301463276033674,-0.33573809153366735,-0.5904077170628599,-0.6248003996102184,-0.7034122454327416,-0.44137275935767617,-0.14739721091722202,0.23583553746755162,0.3316437245637541,0.16705017237285286,-0.09385230993088492,-0.1178610403783161,-0.23499454347035764,-0.19643506729720966,-0.31138595853037915,-0.23790469261550426,-0.5369225172790225,-0.6947981084030519,-0.6227719170607583,-0.016740548286441285,0.037498828161627716,0.0763369001861578,0.06227483962555929,0.021427901806647127,-0.08437236336364809,-0.08035463177490294,-0.0073658412460295974,-0.04687353520202037
2023-11-03,2023-11-03 12:30:00,150000.0,178000.0,-28000.0,-28.0,-15.730337078651685,-0.20005734622245866,139959.8691510419,0.016830766641426968,0.0009350425911961544,0.16456749604944354,0.14306151645207735,0.14306151645207735,0.08134870543354639,0.4011332716205342,0.4039383993941019,0.325394821734144,0.0056990262806538,-0.008141466115217131,0.1758556680887045,0.2475005699026225,0.337056697170029,0.3460123098967552,0.7758817207802813,0.8003061191259326,0.7685544012765732,-0.16817245320656338,-0.15652414475936025,-0.22787003399850592,-0.2788313834550339,-0.33998500280288685,-0.21403766771745317,-0.4622922414985606,-0.4804927234473286,-0.6049840199768518,-0.2690857744208637,-0.2850710679508167,-0.4742303747219342,-0.49021566825188717,-0.478892752001488,-0.29239766081870877,-0.5375054949446618,-0.5408357644300655,-0.5461641956067039
2023-12-08,2023-12-08 13:30:00,199000.0,184000.0,15000.0,15.0,8.152173913043478,0.10717357833345999,139959.8691510419,-0.2840909090909149,-0.2775920974450431,-0.04827688651218768,-0.1773247177659015,-0.25252525252525765,0.10490938799760967,-0.1996063576946019,-0.08912655971480168,-0.1114081996435021,-0.3086812627291326,-0.3078856924643616,-0.029436099796332535,-0.1718431771894222,-0.41051425661914887,-0.08273930753565363,-0.2537869144602872,-0.11853996945010113,-0.19968813645621278,-0.009558191002063355,-0.08381798263349623,-0.19189906550301827,-0.08528847355690064,-0.006617209155270863,-0.30880309391290145,0.005146718231882779,-0.12131550118006376,-0.17572366534568404,0.03788948670079487,-0.09162366784007975,-0.5766090976101992,-0.6055428874544401,-0.47258523412256814,-0.7371227412699132,-0.21493672455719826,-0.2170034238317967,-0.17704723785642296
2024-01-05,2024-01-05 13:30:00,216000.0,168000.0,48000.0,48.0,28.57142857142857,0.342955450667072,139959.8691510419,-0.3223620345440196,-0.14469659505100235,-0.02014762715899106,0.08333791233952309,0.27657197281902146,0.5833653863765397,0.25459274319101827,0.33609905306152926,0.1813286444310212,-0.30252047739785,-0.1413868549718378,-0.05845043166433363,0.00947844837801,0.2646066838858451,0.7898706981667108,0.47155280680552836,0.5939827650213637,0.4502262979550278,0.0470416056868006,-0.05226845076311363,-0.13888474059914374,-0.25163525581673896,-0.25312864012424985,-0.5921268779307661,-0.34123831426779094,-0.2807562498133259,-0.279262865505815,0.031521962584795636,-0.06921126567532315,-0.17816761460975764,-0.3056259850613294,-0.5790447474816685,-1.2828068251901692,-0.7846227643390737,-0.9189337353525718,-0.9093400945658865
2024-02-02,2024-02-02 13:30:00,353000.0,187000.0,166000.0,166.0,88.77005347593582,1.1860542668902907,139959.8691510419,-0.3987577868024046,-0.5577096234770759,-0.5163637700067952,-0.6918539480695911,-0.7322810047961017,-0.8967456219335151,-0.8691817196199676,-0.8563185652070044,-0.9086899796027081,-0.30420874364924133,-0.46964184908736906,-0.42181521670952304,-0.6460515586777743,-0.704854795207915,-0.9298751803299241,-0.9965188483974158,-0.9432039139434224,-0.9878943737063245,0.03057419835943486,0.07606263982103065,0.05294556301267625,0.20507084265473752,0.2550335570469783,0.44071588366890996,0.36689038031320176,0.40492170022371704,0.3646532438478793,0.10584523526817921,0.23679478915766056,0.26597007836618103,0.4233809410726976,0.3501034705024389,0.6011466567154023,0.7538080537368242,0.6377853920005413,0.6262509753367045
2024-03-08,2024-03-08 13:30:00,275000.0,198000.0,77000.0,77.0,38.88888888888889,0.5501577021117613,139959.8691510419,0.07479704460458296,-0.04743227218827656,0.09030374897382526,-0.023716136094148407,-0.044695794946647945,-0.08391863541001841,-0.16783727082003683,-0.21070874760558556,-0.25722886071331247,0.08231603143540994,-0.006989097008660537,0.045817413723487285,-0.07843319976392038,-0.01475476035162244,0.000776566334301363,-0.18482278756251738,-0.18637592023110286,-0.17395085888236725,-0.250939165812875,-0.17669680906351054,-0.28360580278259867,-0.15071198420122472,-0.10913626442158392,-0.04974237902207585,-0.0007424235674985903,0.14699986636374826,0.08686355739675808,-0.4901827846178968,-0.40340077019037723,-0.5518793729999603,-0.3471280577100399,-0.44204588599013883,-0.23390464826164697,-0.29831317459456375,-0.2603460432825395,-0.3159407712751588
2024-04-05,2024-04-05 12:30:00,303000.0,212000.0,91000.0,91.0,42.924528301886795,0.6501863752229906,139959.8691510419,-0.2969110189027202,-0.29322268326417344,-0.26279391424619813,-0.3052097740894351,-0.4112494236975685,-0.2443522360534847,-0.07561088059013765,-0.06915629322268588,-0.09036422314430437,-0.34012529266594715,-0.3630639751945907,-0.3306334240334171,-0.3606910080364582,-0.42238815414795633,-0.24520660634057634,-0.08859077390368995,-0.04113143074100455,-0.04983231032083548,0.07794461520361641,0.127946821183293,0.15662455696574595,0.211038722296583,0.26986484697854773,0.1735370678118255,-0.11397561657131494,-0.09779843228376482,-0.08235657455476049,0.04287316140096149,0.030341006529907177,0.07321416793086866,0.04287316140096149,0.05804366466591508,-0.06397994855221187,-0.002638348393918013,-0.018468438757351102,0.004617109689319029
2024-05-03,2024-05-03 12:30:00,175000.0,238000.0,-63000.0,-63.0,-26.47058823529412,-0.450129029000532,139959.8691510419,0.06941295153125235,-0.024063156530826475,-0.05830687928624129,-0.10365667428666714,-0.17214411979749678,-0.3970420827587396,-0.33318216735000306,-0.3600218419420771,-0.4211052392895866,0.007915776141849837,-0.10290508984406545,-0.13931766009657118,-0.2145175334441534,-0.37995725480884485,-0.7290429826644631,-0.6831314810417269,-0.6585925750019872,-0.699754610939617,-0.3183874225989252,-0.33961325077217935,-0.29569774420681594,-0.20713480596666156,-0.18590897779339122,0.1456530967751333,0.13174651969610643,0.15663197341648227,0.15590004830705467,-0.6220910877128869,-0.6730072522895993,-0.5842303499507224,-0.5946746914023495,-0.4876201915231205,-0.2036646583068494,-0.2806916765126388,-0.1540540364115974,-0.12076269803450697
2024-06-07,2024-06-07 12:30:00,272000.0,182000.0,90000.0,90.0,49.45054945054945,0.64304147000076,139959.8691510419,-0.47517704472901723,-0.5522327817120972,-0.6292885186951976,-0.62470186768429,-0.6485524529409523,-0.7604667376068606,-0.8182585403441859,-0.887975635709822,-0.9127435511686698,-0.5071824842578321,-0.5524387674685333,-0.614080946324491,-0.6117401040894568,-0.6741625636904144,-0.692889301570705,-0.6726020022003973,-0.7209794083911325,-0.7498497959565771,0.051012600112238286,0.036437571508746255,0.10275395165463984,0.002186254290522186,0.0036437571508810985,0.030607560067342974,0.18073035468332382,0.2091516604601446,0.29878808637161897,0.06711881308370558,0.15149674953176304,0.22884319127583538,0.26016530404823013,0.18217963551288144,0.31194267414135834,0.07031494704006906,0.13231994579356404,0.16683819252232224
2024-07-05,2024-07-05 12:30:00,206000.0,191000.0,15000.0,15.0,7.853403141361256,0.10717357833345999,139959.8691510419,-0.0009224836951067325,-0.08579098364437307,-0.07010876082766104,-0.07472117930315372,-0.08948091842477952,-0.19372157597114384,-0.11807791297288339,-0.07564366299826046,-0.030441961938317337,-0.01873960537514488,-0.049191464109744475,-0.044506562765962585,-0.017958788484508784,0.013273887140726899,-0.14054704031357793,-0.02498614050019895,0.02108205604703582,0.033575126297126626,-0.027142217885986655,-0.01247074875842718,-0.0828938005707094,-0.06235374379211962,-0.017605762953058338,0.15258327892664134,0.03154365862426753,0.03007651171150181,0.06528803761765106,-0.37060488676995185,-0.19989074294795559,-0.12415574096145501,-0.07325188716725951,-0.09311680572110007,0.0720103297576566,-0.14774533174413956,-0.21230631704409053,-0.22906734207389737
2024-08-02,2024-08-02 12:30:00,114000.0,176000.0,-62000.0,-62.0,-35.22727272727273,-0.4429841237783013,139959.8691510419,-0.011955782000107003,-0.09012820277006096,-0.04966247907738011,0.1618628947707234,0.19956959184799652,0.40649658800376065,0.3761472952342347,0.3954604815421092,0.3347618960030982,-0.13440125024418392,-0.26567689001756967,-0.2000390701308768,0.03281890994335511,0.20082047274858067,0.30162141043172297,0.012502441883192812,0.1000195350654384,0.04532135182653057,0.020185126445403413,0.059113584590100854,-0.033161279160291886,-0.09227486375039273,-0.1895960091121363,-0.24150061997173822,-0.1614810115631953,-0.08290319790074573,0.008650768476608324,-0.8593660832376625,-1.0527234519661437,-1.1050910726634406,-0.8284826146213142,-0.8633943617528391,-1.2836780868362614,-1.2078121748004367,-1.456894062988859,-1.6442090139445655
2024-09-06,2024-09-06 12:30:00,142000.0,164000.0,-22000.0,-22.0,-13.414634146341465,-0.15718791488907466,139959.8691510419,0.17429741967944123,0.07996118737871571,0.04941421691943241,-0.05750017968805918,-0.2883993387479277,-0.38273557104865324,-0.44562639258248365,-0.3926184144325437,-0.4303529073528419,0.1961081244794497,0.10070417202998813,0.14840614825471052,0.05073067312788282,-0.19156507912470064,-0.34905731808889245,-0.6504126599530458,-0.5663663208904317,-0.6133111228893765,-0.14074699616279338,-0.11111604960219232,-0.05926189312116923,0.02296398358445801,0.13852467517075118,0.26741929270931397,0.5474317377068616,0.4548350297050265,0.5266900751144623,-0.951812331211259,-1.1337049867746058,-0.955977811873015,-0.7081317124985318,-0.4762532889941108,-0.9504238376573335,-1.0274852298998132,-1.2371477565415476,-1.2427017307572095
2024-10-04,2024-10-04 12:30:00,254000.0,147000.0,107000.0,107.0,72.78911564625851,0.7645048587786812,139959.8691510419,-0.45782564548883076,-0.48230345227734184,-0.5620829706991572,-0.5965332172904002,-0.5947200464171853,-0.5303524804177464,-0.6917246881346121,-0.5629895561357746,-0.5122207716855175,-0.48538526981041247,-0.43904958677686845,-0.49905809431211917,-0.6236327175498336,-0.6479399611084216,-0.4291747690811979,-0.49298128342246794,-0.3304265921244588,-0.4086655323286463,0.0,0.016202322823909248,0.058181068322238155,0.034614053305639915,0.06554576051492715,-0.005155284534883932,0.040505807059781296,0.0014729384385312578,-0.03535052252491372,0.07771477999960068,0.27504274312898774,0.24192948904221875,0.4825074166931338,0.4676402413888694,0.3649215756502646,0.6514525906052958,0.5642768808666265,0.4419605749542134
2024-11-01,2024-11-01 12:30:00,12000.0,106000.0,-94000.0,-94.0,-88.67924528301887,-0.6716210908896826,139959.8691510419,-0.05414234849319921,-0.03487134309731371,0.05322468156957979,-0.07524868773630318,-0.2340050655214231,-0.3321954263480487,-0.43864478948720836,-0.5166464779943494,-0.5918951657306526,-0.11570502931194514,-0.06402344955259845,-0.02699784017279177,-0.07713668620795201,-0.06402344955259845,0.09796359148411789,-0.10953409441530214,-0.27460660290034,-0.3563714902807828,-0.05384527023144897,-0.09763942335303873,-0.1435873872839011,-0.11989546838204572,-0.06533226121417253,-0.11271609901785146,0.004307621618529308,0.14574119809317373,0.16440755844007562,-0.3110491195672778,-0.3470653334119149,-0.5009527925662631,-0.40731063657021793,-0.30057167553975417,0.02030004780334225,0.15978102141982448,0.11328736354766374,0.15519713965777704
2024-12-06,2024-12-06 13:30:00,227000.0,218000.0,9000.0,9.0,4.128440366972478,0.064304147000076,139959.8691510419,-0.07539345961736989,0.04335123928000443,0.06879653190086886,-0.03581189331823815,-0.24408632551124967,-0.42031853736687486,-0.5117331071529378,-0.5805296390538067,-0.411836773159927,-0.06721112891249743,0.019538118869921732,0.08127857449884178,0.02110116837950783,-0.17428002031964004,-0.36340901098042616,-0.5017388925794123,-0.5181509124301444,-0.4579735063108105,0.0035537865595867317,-0.02771953516471022,0.018479690109822595,0.1684494829240544,0.24805430185862992,0.5764241799637558,0.562919791037361,0.6389708234123497,0.5934823554497374,-0.12024340986393442,-0.15545280612243598,-0.3202062074829928,-0.550728103741483,-0.6762861394557829,-0.4444355867346824,-0.37135948129251534,-0.29097576530611463,-0.35807291666665825
2025-01-10,2025-01-10 13:30:00,256000.0,164000.0,92000.0,92.0,56.09756097560976,0.6573312804452213,139959.8691510419,-0.41728936591424903,-0.6909535547231348,-0.5250082487432715,-0.4590183025056675,-0.425052889001012,-0.361003823535115,-0.5832346718940908,-0.6220522873279921,-0.6269044892572162,-0.5986029889538742,-0.8114035087719432,-0.7244964262508153,-0.6497725795971415,-0.5157569850552369,-0.4483430799220248,-0.7285575048733061,-0.821150097465892,-0.873944119558163,-0.07413925708306399,0.01039335379669869,-0.10601220872626202,-0.1669865510001887,-0.33605177275971404,-0.15590030695038803,-0.035337402908754006,-0.018015146580927986,-0.10809087948559867,0.003779003854584075,0.05920439372182911,-0.021414355175970456,-0.10329277202528611,-0.3193258257123454,-0.846496863426797,-0.6493588290126582,-0.5416572191570209,-0.7022648829768352
2025-02-07,2025-02-07 13:30:00,143000.0,169000.0,-26000.0,-26.0,-15.384615384615385,-0.18576753577799732,139959.8691510419,-0.4638700011524615,-0.41008797203334446,-0.3755138104567495,-0.4494641004955647,-0.2535438515615973,-0.38703853098228824,-0.8816411202028319,-0.7884829626214948,-0.8297798778379606,-0.41222424999199464,-0.3962155412544432,-0.42022860436077036,-0.5026734543591764,-0.2625428232958689,-0.42663208785579815,-0.7732206320238211,-0.665962283482205,-0.774021067460704,-0.023038418307858993,-0.148702518168932,-0.19338308700843773,-0.09564434267204416,-0.2576114047151942,-0.19408122089654387,-0.10681448488191284,-0.32393412408631567,-0.26319647582013633,0.13862426910188838,-0.11431574797976912,-0.280533473490586,-0.16030484199461256,-0.2457131594507557,-0.38433742855266273,-0.36856973917614283,-0.5426713093752196,-0.547270218776689
2025-03-07,2025-03-07 13:30:00,151000.0,159000.0,-8000.0,-8.0,-5.031446540880504,-0.05715924177784533,139959.8691510419,-0.10294779995036535,0.08364508745966802,-0.0919176785271214,-0.2693187980844447,-0.0891601481713104,-0.2509352623790245,-0.28402562664877673,-0.37594330517589813,-0.46050756942082294,-0.1166861143524015,-0.03709227476102807,-0.1383232746296536,-0.26660072484486563,-0.1553239005617986,-0.14836909904411227,-0.25887316760298623,-0.20323475546146128,-0.18546137380512318,0.03137484574034606,-0.029283189357642906,0.04880531559609731,0.20567954429779664,0.11782997622483697,0.012549938296141521,0.4782920928416608,0.20777120068048432,0.15478257231902717,0.15229457154460152,-0.2775145525923897,-0.17327737917964006,-0.3397861107350816,-0.45282252605930084,-0.09814539055097483,-0.2700690402057675,0.3059428726140505,0.1881684039528845
2025-04-04,2025-04-04 12:30:00,228000.0,137000.0,91000.0,91.0,66.42335766423358,0.6501863752229906,139959.8691510419,-0.07935219751483272,-0.2551894533715766,-0.49144258688165493,-0.599650128947325,-0.4111886598496023,-0.8214755901819847,-0.9323883207992943,-1.1641328067232932,-1.1947916103085703,-0.06283380458685402,-0.14252545918484427,-0.29041477973686125,-0.36321004114847677,-0.27815452518333084,-0.7233550186585667,-1.0720060075247273,-1.0850325279878588,-1.2168302644383573,0.045798514718940815,0.16980680072714113,0.26844975550639705,0.17121598579540973,0.11273480546200455,0.23462931386779418,0.11203021292786244,0.24731197948227418,0.21560531544608194,-0.15048443619871785,0.05772005772005991,0.013742870885735059,0.1642273070844529,-0.008245722531437131,-0.06802721088434656,0.4679447536590473,0.9365766508623647,0.9757438328866814
2025-05-02,2025-05-02 12:30:00,177000.0,138000.0,39000.0,39.0,28.26086956521739,0.278651303666996,139959.8691510419,-0.08647007958776544,-0.12705807612897346,-0.035293910035819435,-0.09088181834225266,0.15882259516120703,0.3185275380732958,0.014999911765225218,-0.24882206575255833,-0.3423509273474955,-0.048914474921927936,-0.07901569025849382,0.0022575911502407714,0.03235880648680667,0.1926477781540351,0.2551077999774244,-0.027091093802922673,-0.08729352447605447,-0.217481280806717,-0.004335667367595872,-0.06069934314639033,-0.14741269049838798,-0.08382290244024568,-0.3461307781800205,-0.439347626583412,-0.35480211291522834,-0.2413521501297014,-0.19365980908611471,0.015869401723552355,-0.08831667046151388,-0.252530479600909,-0.2000924565143839,-0.51058075110567,-0.583717993831635,-0.247700661685041,-0.06623750284614521,-0.019319271663452486
2025-06-06,2025-06-06 12:30:00,139000.0,126000.0,13000.0,13.0,10.317460317460316,0.09288376788899866,139959.8691510419,-0.028053933687522833,0.035944102537129506,-0.03769747339259117,-0.06750477793557567,-0.22706152578332653,0.07013483421877789,-0.09117528448441516,-0.07890168849612512,-0.11484579103325464,-0.0007385797112201715,0.04209904353927098,-0.048746260940203325,0.0,-0.17578197126925282,0.06056353631966047,-0.09010672476827054,-0.0731193914103214,-0.14845452195428688,-0.06421951397504136,-0.17952273224842213,-0.18682040429103974,-0.131358096767133,-0.04086696343867153,-0.22403853170839438,-0.11019484784354683,-0.04889440268555574,-0.06421951397504136,-0.07395273936151783,-0.20319724646997386,-0.08984912258877706,-0.0013822941936798396,0.13961171356099591,0.012440647743059625,0.18453627485537463,0.14444974323883608,0.08915797549191751
2025-07-03,2025-07-03 12:30:00,147000.0,111000.0,36000.0,36.0,32.432432432432435,0.257216588000304,139959.8691510419,-0.40979433923843506,-0.4327020973325089,-0.4377927102422989,-0.38179596823457107,-0.16544491956830723,-0.20701825833163628,-0.3478585488359459,-0.2935586777981418,-0.15186995180886093,-0.35368809542987306,-0.429112264848674,-0.40934088063209734,-0.26727982366853864,-0.024165025153590078,-0.10471510899891202,-0.12009285227847526,-0.09739237410388422,0.04613322983867344,-0.03376568085560231,-0.0513825578237391,-0.0631271424691582,-0.04477622896067762,-0.24663627755389883,-0.36922037979051253,-0.3971137683233972,-0.43675174150170093,-0.3736245990325427,-0.03725062774206151,0.040699759940397276,0.16486851908060232,0.03725062774206151,-0.10209431307082871,-0.021384619629705247,0.15107199028723967,0.06898264396677405,-0.2110868905383486
2025-08-01,2025-08-01 12:30:00,73000.0,106000.0,-33000.0,-33.0,-31.132075471698112,-0.23578187233361197,139959.8691510419,0.28374614760039785,0.5194737163760922,0.6871022097276949,0.8756842647482502,1.0310898471263148,1.0145016108050697,0.8110774496023206,0.7464706344563911,1.1271270047756834,0.24722816277623888,0.5452670215831725,0.7909784471644721,0.8091792935038283,0.8319303514280192,0.7090746386373779,0.49521469414995584,0.3738757185542538,0.6992158468702133,-0.13410721367028178,-0.2797505317423039,-0.4023216410108453,-0.5306608024802489,-0.685677205378702,-0.638090774721497,-0.5825732722881045,-0.5133566458776463,-0.6092505137171381,-0.4683016261026759,-0.8010946965671281,-1.0103358486555525,-1.2707248379211464,-1.5304495695610598,-1.5742905728557792,-1.6911999149750376,-1.849957487511973,-2.1050324157721403
2025-09-05,2025-09-05 12:30:00,22000.0,75000.0,-53000.0,-53.0,-70.66666666666667,-0.3786799767782253,139959.8691510419,-0.04510638297873544,-0.12595744680852322,-0.12680851063829715,-0.08680851063829965,-0.22808510638298005,-0.10893617021276153,0.012765957446797654,-0.265531914893618,-0.3055319148936155,-0.07388798581349859,-0.10122654056449472,-0.13299837446431387,-0.07832126496230522,-0.06871582680655205,-0.07019358652283186,0.010344318013893083,-0.18767548396630612,-0.22314171715679199,0.05512119409913793,0.11096766706798991,0.13272603315974982,0.116769898025799,0.16898997664603238,0.31041935624247974,0.2748806916259434,0.4424201105325155,0.2748806916259434,-0.28722620584320246,-0.28655037947650935,-0.3615671061790973,-0.45280366568222363,-0.41428156278088996,-0.5339028296850111,-0.7157001223245898,-0.38927598721337986,-0.38860016084668675
2025-11-20,2025-11-20 13:30:00,119000.0,53000.0,66000.0,66.0,124.52830188679245,0.47156374466722395,139959.8691510419,0.0017339436815013334,-0.013004577611327377,-0.046816479400747756,-0.03554584547094096,0.08409626855319005,-0.036412817311701255,-0.012137605770567085,0.03381190178942038,0.006935774726043835,0.002293262395098269,0.03592777752298556,0.045865247901676835,0.1223073277377766,0.2056291947591372,0.15670626366402998,-0.04662966870002595,0.026754727942643407,0.014523995168870839,-0.11300559342152523,-0.0987910533684908,-0.14996339755936747,-0.132195222493102,-0.11229486641886957,-0.056147433209434786,0.21961464381914947,0.15920284859381223,0.11655922843475625,-0.2628661916072792,-0.2381631037213015,-0.1621536025336502,-0.16975455265241532,-0.1463182897862198,-0.03610451306412538,-0.23689627870150132,-0.22422802850357143,-0.2774346793349094
2025-12-16,2025-12-16 13:30:00,64000.0,51000.0,13000.0,13.0,25.49019607843137,0.09288376788899866,139959.8691510419,0.06362888242231154,-0.06617403771920174,-0.1696770197928245,-0.07550627380779287,-0.02120962747409129,-0.040722484750262064,-0.0975642863808727,-0.32832503329909973,-0.3130541015177585,0.028250897709450443,-0.11895114825028986,-0.21782929023335817,-0.18065705640514257,-0.126385595015933,-0.26243597082721687,-0.10185192068931234,-0.255744968738143,-0.190321837200477,-0.043632873006534456,-0.009453789151410685,0.05163223305771818,0.01454429100217277,-0.1098093970664254,0.06326766585945316,-0.057449949458593746,0.0029088582004377834,0.07053981136053955,-0.12991461830310944,0.0497682866136224,0.09307315938130718,0.010987803538070093,0.06980486953597578,-0.08854876968917472,-0.021329265691562956,0.03360975199880588,-0.06980486953599416
2026-01-09,2026-01-09 13:30:00,50000.0,66000.0,-16000.0,-16.0,-24.242424242424242,-0.11431848355569066,139959.8691510419,-0.00686996024011198,0.12451802935190094,0.11335434396173326,0.033491056170503006,-0.043795996530670976,-0.15543285043238578,-0.12108304923186403,-0.06268838719096939,-0.12967049953199447,0.027567708527361436,0.20265991133629294,0.185523227657125,0.12591737138173598,-0.027567708527361436,-0.10132995566814647,-0.14379912826435104,-0.08791863800618105,-0.15795551912974704,-0.048241350757817505,-0.08856247974942164,-0.13608381034668593,-0.07272203621701087,-0.013680383050719119,0.05760161284516931,0.09072254023112927,0.15048421355799022,0.15048421355799022,-0.09630737258282132,-0.20782117241554282,-0.2452036394049221,-0.21162277922802242,0.09313936690574001,0.1976835542489187,0.14192665433255794,0.0183744329269815,0.01964163519781402
2026-02-11,2026-02-11 13:30:00,130000.0,66000.0,64000.0,64.0,96.96969696969697,0.45727393422276263,139959.8691510419,-0.3529411764705867,-0.39075630252101207,-0.25462184873948457,-0.29747899159662833,-0.29411764705880983,-0.3613445378151236,-0.06554621848739521,-0.14117647058822722,-0.208403361344541,-0.38512130955861645,-0.3800058462437952,-0.2535808243203803,-0.2879275065770282,-0.2258111663256385,-0.27258111663256435,-0.13884828997369283,-0.3529669687226039,-0.38439052908506594,-0.026457359555510186,-0.07643237204926433,-0.13155187112325883,-0.14919011082693773,-0.22194784960459482,0.06614339888879994,-0.3527647940735453,-0.3196930946291453,-0.23958608930827371,0.0,0.012299724874578706,-0.48227868587150324,-0.3489237740734664,-0.3955332578087004,-0.6868425311539129,-1.1296326266386176,-1.057776339213456,-0.8551545557533569
2026-03-06,2026-03-06 13:30:00,-92000.0,58000.0,-150000.0,-150.0,-258.62068965517244,-1.0717357833346,139959.8691510419,-0.07677178938652071,-0.016389483127470024,-0.021565109378241964,-0.30363674004556185,-0.24152922503624108,-0.09488648126424166,0.05089365813262269,0.12076461251810139,0.20875025878130102,-0.1336918365822659,-0.07020688624990222,-0.09485398461422678,-0.3547688400926158,-0.33012174172827463,-0.18223915154231068,0.017178280678165098,0.022406453058478375,0.18597356038539872,-0.010986435414415265,-0.056397035127307836,-0.1347669410834137,-0.010986435414415265,0.03735388040898913,-0.1904315471830895,-0.32226877215599137,-0.5170948935048242,-0.635748395980431,-0.19192034355641527,-0.16658432460506012,-0.16595092413127355,0.0012668009475731577,0.08360886253943237,-0.06777385069483989,-0.07474125590645626,-0.03990422984835644,-0.1083114810169829
2026-04-03,2026-04-03 12:30:00,178000.0,65000.0,113000.0,113.0,173.84615384615384,0.8073742901120653,139959.8691510419,-0.07277578992056816,-0.11782746939518361,-0.09096973740069096,-0.09876714346361998,-0.09616800810931671,-0.13255590306958154,-0.18627136705856684,-0.20013342228152398,-0.27550834755639536,-0.0672688107025477,-0.13604928007256142,-0.09069952004837986,-0.13604928007256142,-0.1390725974075102,-0.16552662408829116,-0.26756358414270803,-0.2683194134764494,-0.33709988284646314,-0.02295552367287489,0.016499282639897743,-0.03299856527976363,0.0057388809182266865,-0.0028694404590974146,0.052367288378774704,0.02582496413200416,0.024390243902439525,0.016499282639897743,-0.07320598411994433,-0.09510521013872549,-0.15141750561559889,-0.12138428136126642,-0.16705980991471558,-0.16831119425865204,-0.1145016674696515,-0.11888151267339352,-0.1676855020866838
